source_file,variant_file,transform_family,transform_name,parameter
base\ILSVRC2012_val_00000001.JPEG,brightness_0p85\ILSVRC2012_val_00000001__brightness_0.85.jpg,photometric,brightness,factor=0.85
base\ILSVRC2012_val_00000001.JPEG,brightness_1p15\ILSVRC2012_val_00000001__brightness_1.15.jpg,photometric,brightness,factor=1.15
base\ILSVRC2012_val_00000001.JPEG,contrast_0p85\ILSVRC2012_val_00000001__contrast_0.85.jpg,photometric,contrast,factor=0.85
base\ILSVRC2012_val_00000001.JPEG,contrast_1p15\ILSVRC2012_val_00000001__contrast_1.15.jpg,photometric,contrast,factor=1.15
base\ILSVRC2012_val_00000001.JPEG,colourshift_r_p20\ILSVRC2012_val_00000001__colourshift_r_p20.jpg,photometric,colour_shift,"channel=r,delta=+20"
base\ILSVRC2012_val_00000001.JPEG,colourshift_g_p20\ILSVRC2012_val_00000001__colourshift_g_p20.jpg,photometric,colour_shift,"channel=g,delta=+20"
base\ILSVRC2012_val_00000001.JPEG,colourshift_b_p20\ILSVRC2012_val_00000001__colourshift_b_p20.jpg,photometric,colour_shift,"channel=b,delta=+20"
base\ILSVRC2012_val_00000001.JPEG,jpeg_q90\ILSVRC2012_val_00000001__jpeg_q90.jpg,compression,jpeg_recompress,quality=90
base\ILSVRC2012_val_00000001.JPEG,jpeg_q75\ILSVRC2012_val_00000001__jpeg_q75.jpg,compression,jpeg_recompress,quality=75
base\ILSVRC2012_val_00000001.JPEG,jpeg_q60\ILSVRC2012_val_00000001__jpeg_q60.jpg,compression,jpeg_recompress,quality=60
base\ILSVRC2012_val_00000001.JPEG,resize_0p75\ILSVRC2012_val_00000001__resize_0.75.jpg,geometric,resize,factor=0.75
base\ILSVRC2012_val_00000001.JPEG,resize_0p5\ILSVRC2012_val_00000001__resize_0.50.jpg,geometric,resize,factor=0.50
base\ILSVRC2012_val_00000001.JPEG,crop_center_0p9\ILSVRC2012_val_00000001__crop_center_0.90.jpg,geometric,center_crop,fraction=0.90
base\ILSVRC2012_val_00000001.JPEG,crop_center_0p75\ILSVRC2012_val_00000001__crop_center_0.75.jpg,geometric,center_crop,fraction=0.75
base\ILSVRC2012_val_00000001.JPEG,rotate_p2\ILSVRC2012_val_00000001__rotate_+2.jpg,geometric,rotate,degrees=+2
base\ILSVRC2012_val_00000001.JPEG,rotate_n2\ILSVRC2012_val_00000001__rotate_-2.jpg,geometric,rotate,degrees=-2
base\ILSVRC2012_val_00000001.JPEG,format_png\ILSVRC2012_val_00000001__format_png.png,format,convert_png,format=PNG
base\ILSVRC2012_val_00000002.JPEG,brightness_0p85\ILSVRC2012_val_00000002__brightness_0.85.jpg,photometric,brightness,factor=0.85
base\ILSVRC2012_val_00000002.JPEG,brightness_1p15\ILSVRC2012_val_00000002__brightness_1.15.jpg,photometric,brightness,factor=1.15
base\ILSVRC2012_val_00000002.JPEG,contrast_0p85\ILSVRC2012_val_00000002__contrast_0.85.jpg,photometric,contrast,factor=0.85
base\ILSVRC2012_val_00000002.JPEG,contrast_1p15\ILSVRC2012_val_00000002__contrast_1.15.jpg,photometric,contrast,factor=1.15
base\ILSVRC2012_val_00000002.JPEG,colourshift_r_p20\ILSVRC2012_val_00000002__colourshift_r_p20.jpg,photometric,colour_shift,"channel=r,delta=+20"
base\ILSVRC2012_val_00000002.JPEG,colourshift_g_p20\ILSVRC2012_val_00000002__colourshift_g_p20.jpg,photometric,colour_shift,"channel=g,delta=+20"
base\ILSVRC2012_val_00000002.JPEG,colourshift_b_p20\ILSVRC2012_val_00000002__colourshift_b_p20.jpg,photometric,colour_shift,"channel=b,delta=+20"
base\ILSVRC2012_val_00000002.JPEG,jpeg_q90\ILSVRC2012_val_00000002__jpeg_q90.jpg,compression,jpeg_recompress,quality=90
base\ILSVRC2012_val_00000002.JPEG,jpeg_q75\ILSVRC2012_val_00000002__jpeg_q75.jpg,compression,jpeg_recompress,quality=75
base\ILSVRC2012_val_00000002.JPEG,jpeg_q60\ILSVRC2012_val_00000002__jpeg_q60.jpg,compression,jpeg_recompress,quality=60
base\ILSVRC2012_val_00000002.JPEG,resize_0p75\ILSVRC2012_val_00000002__resize_0.75.jpg,geometric,resize,factor=0.75
base\ILSVRC2012_val_00000002.JPEG,resize_0p5\ILSVRC2012_val_00000002__resize_0.50.jpg,geometric,resize,factor=0.50
base\ILSVRC2012_val_00000002.JPEG,crop_center_0p9\ILSVRC2012_val_00000002__crop_center_0.90.jpg,geometric,center_crop,fraction=0.90
base\ILSVRC2012_val_00000002.JPEG,crop_center_0p75\ILSVRC2012_val_00000002__crop_center_0.75.jpg,geometric,center_crop,fraction=0.75
base\ILSVRC2012_val_00000002.JPEG,rotate_p2\ILSVRC2012_val_00000002__rotate_+2.jpg,geometric,rotate,degrees=+2
base\ILSVRC2012_val_00000002.JPEG,rotate_n2\ILSVRC2012_val_00000002__rotate_-2.jpg,geometric,rotate,degrees=-2
base\ILSVRC2012_val_00000002.JPEG,format_png\ILSVRC2012_val_00000002__format_png.png,format,convert_png,format=PNG
base\ILSVRC2012_val_00000003.JPEG,brightness_0p85\ILSVRC2012_val_00000003__brightness_0.85.jpg,photometric,brightness,factor=0.85
base\ILSVRC2012_val_00000003.JPEG,brightness_1p15\ILSVRC2012_val_00000003__brightness_1.15.jpg,photometric,brightness,factor=1.15
base\ILSVRC2012_val_00000003.JPEG,contrast_0p85\ILSVRC2012_val_00000003__contrast_0.85.jpg,photometric,contrast,factor=0.85
base\ILSVRC2012_val_00000003.JPEG,contrast_1p15\ILSVRC2012_val_00000003__contrast_1.15.jpg,photometric,contrast,factor=1.15
base\ILSVRC2012_val_00000003.JPEG,colourshift_r_p20\ILSVRC2012_val_00000003__colourshift_r_p20.jpg,photometric,colour_shift,"channel=r,delta=+20"
base\ILSVRC2012_val_00000003.JPEG,colourshift_g_p20\ILSVRC2012_val_00000003__colourshift_g_p20.jpg,photometric,colour_shift,"channel=g,delta=+20"
base\ILSVRC2012_val_00000003.JPEG,colourshift_b_p20\ILSVRC2012_val_00000003__colourshift_b_p20.jpg,photometric,colour_shift,"channel=b,delta=+20"
base\ILSVRC2012_val_00000003.JPEG,jpeg_q90\ILSVRC2012_val_00000003__jpeg_q90.jpg,compression,jpeg_recompress,quality=90
base\ILSVRC2012_val_00000003.JPEG,jpeg_q75\ILSVRC2012_val_00000003__jpeg_q75.jpg,compression,jpeg_recompress,quality=75
base\ILSVRC2012_val_00000003.JPEG,jpeg_q60\ILSVRC2012_val_00000003__jpeg_q60.jpg,compression,jpeg_recompress,quality=60
base\ILSVRC2012_val_00000003.JPEG,resize_0p75\ILSVRC2012_val_00000003__resize_0.75.jpg,geometric,resize,factor=0.75
base\ILSVRC2012_val_00000003.JPEG,resize_0p5\ILSVRC2012_val_00000003__resize_0.50.jpg,geometric,resize,factor=0.50
base\ILSVRC2012_val_00000003.JPEG,crop_center_0p9\ILSVRC2012_val_00000003__crop_center_0.90.jpg,geometric,center_crop,fraction=0.90
base\ILSVRC2012_val_00000003.JPEG,crop_center_0p75\ILSVRC2012_val_00000003__crop_center_0.75.jpg,geometric,center_crop,fraction=0.75
base\ILSVRC2012_val_00000003.JPEG,rotate_p2\ILSVRC2012_val_00000003__rotate_+2.jpg,geometric,rotate,degrees=+2
base\ILSVRC2012_val_00000003.JPEG,rotate_n2\ILSVRC2012_val_00000003__rotate_-2.jpg,geometric,rotate,degrees=-2
base\ILSVRC2012_val_00000003.JPEG,format_png\ILSVRC2012_val_00000003__format_png.png,format,convert_png,format=PNG
base\ILSVRC2012_val_00000004.JPEG,brightness_0p85\ILSVRC2012_val_00000004__brightness_0.85.jpg,photometric,brightness,factor=0.85
base\ILSVRC2012_val_00000004.JPEG,brightness_1p15\ILSVRC2012_val_00000004__brightness_1.15.jpg,photometric,brightness,factor=1.15
base\ILSVRC2012_val_00000004.JPEG,contrast_0p85\ILSVRC2012_val_00000004__contrast_0.85.jpg,photometric,contrast,factor=0.85
base\ILSVRC2012_val_00000004.JPEG,contrast_1p15\ILSVRC2012_val_00000004__contrast_1.15.jpg,photometric,contrast,factor=1.15
base\ILSVRC2012_val_00000004.JPEG,colourshift_r_p20\ILSVRC2012_val_00000004__colourshift_r_p20.jpg,photometric,colour_shift,"channel=r,delta=+20"
base\ILSVRC2012_val_00000004.JPEG,colourshift_g_p20\ILSVRC2012_val_00000004__colourshift_g_p20.jpg,photometric,colour_shift,"channel=g,delta=+20"
base\ILSVRC2012_val_00000004.JPEG,colourshift_b_p20\ILSVRC2012_val_00000004__colourshift_b_p20.jpg,photometric,colour_shift,"channel=b,delta=+20"
base\ILSVRC2012_val_00000004.JPEG,jpeg_q90\ILSVRC2012_val_00000004__jpeg_q90.jpg,compression,jpeg_recompress,quality=90
base\ILSVRC2012_val_00000004.JPEG,jpeg_q75\ILSVRC2012_val_00000004__jpeg_q75.jpg,compression,jpeg_recompress,quality=75
base\ILSVRC2012_val_00000004.JPEG,jpeg_q60\ILSVRC2012_val_00000004__jpeg_q60.jpg,compression,jpeg_recompress,quality=60
base\ILSVRC2012_val_00000004.JPEG,resize_0p75\ILSVRC2012_val_00000004__resize_0.75.jpg,geometric,resize,factor=0.75
base\ILSVRC2012_val_00000004.JPEG,resize_0p5\ILSVRC2012_val_00000004__resize_0.50.jpg,geometric,resize,factor=0.50
base\ILSVRC2012_val_00000004.JPEG,crop_center_0p9\ILSVRC2012_val_00000004__crop_center_0.90.jpg,geometric,center_crop,fraction=0.90
base\ILSVRC2012_val_00000004.JPEG,crop_center_0p75\ILSVRC2012_val_00000004__crop_center_0.75.jpg,geometric,center_crop,fraction=0.75
base\ILSVRC2012_val_00000004.JPEG,rotate_p2\ILSVRC2012_val_00000004__rotate_+2.jpg,geometric,rotate,degrees=+2
base\ILSVRC2012_val_00000004.JPEG,rotate_n2\ILSVRC2012_val_00000004__rotate_-2.jpg,geometric,rotate,degrees=-2
base\ILSVRC2012_val_00000004.JPEG,format_png\ILSVRC2012_val_00000004__format_png.png,format,convert_png,format=PNG
base\ILSVRC2012_val_00000005.JPEG,brightness_0p85\ILSVRC2012_val_00000005__brightness_0.85.jpg,photometric,brightness,factor=0.85
base\ILSVRC2012_val_00000005.JPEG,brightness_1p15\ILSVRC2012_val_00000005__brightness_1.15.jpg,photometric,brightness,factor=1.15
base\ILSVRC2012_val_00000005.JPEG,contrast_0p85\ILSVRC2012_val_00000005__contrast_0.85.jpg,photometric,contrast,factor=0.85
base\ILSVRC2012_val_00000005.JPEG,contrast_1p15\ILSVRC2012_val_00000005__contrast_1.15.jpg,photometric,contrast,factor=1.15
base\ILSVRC2012_val_00000005.JPEG,colourshift_r_p20\ILSVRC2012_val_00000005__colourshift_r_p20.jpg,photometric,colour_shift,"channel=r,delta=+20"
base\ILSVRC2012_val_00000005.JPEG,colourshift_g_p20\ILSVRC2012_val_00000005__colourshift_g_p20.jpg,photometric,colour_shift,"channel=g,delta=+20"
base\ILSVRC2012_val_00000005.JPEG,colourshift_b_p20\ILSVRC2012_val_00000005__colourshift_b_p20.jpg,photometric,colour_shift,"channel=b,delta=+20"
base\ILSVRC2012_val_00000005.JPEG,jpeg_q90\ILSVRC2012_val_00000005__jpeg_q90.jpg,compression,jpeg_recompress,quality=90
base\ILSVRC2012_val_00000005.JPEG,jpeg_q75\ILSVRC2012_val_00000005__jpeg_q75.jpg,compression,jpeg_recompress,quality=75
base\ILSVRC2012_val_00000005.JPEG,jpeg_q60\ILSVRC2012_val_00000005__jpeg_q60.jpg,compression,jpeg_recompress,quality=60
base\ILSVRC2012_val_00000005.JPEG,resize_0p75\ILSVRC2012_val_00000005__resize_0.75.jpg,geometric,resize,factor=0.75
base\ILSVRC2012_val_00000005.JPEG,resize_0p5\ILSVRC2012_val_00000005__resize_0.50.jpg,geometric,resize,factor=0.50
base\ILSVRC2012_val_00000005.JPEG,crop_center_0p9\ILSVRC2012_val_00000005__crop_center_0.90.jpg,geometric,center_crop,fraction=0.90
base\ILSVRC2012_val_00000005.JPEG,crop_center_0p75\ILSVRC2012_val_00000005__crop_center_0.75.jpg,geometric,center_crop,fraction=0.75
base\ILSVRC2012_val_00000005.JPEG,rotate_p2\ILSVRC2012_val_00000005__rotate_+2.jpg,geometric,rotate,degrees=+2
base\ILSVRC2012_val_00000005.JPEG,rotate_n2\ILSVRC2012_val_00000005__rotate_-2.jpg,geometric,rotate,degrees=-2
base\ILSVRC2012_val_00000005.JPEG,format_png\ILSVRC2012_val_00000005__format_png.png,format,convert_png,format=PNG
base\ILSVRC2012_val_00000006.JPEG,brightness_0p85\ILSVRC2012_val_00000006__brightness_0.85.jpg,photometric,brightness,factor=0.85
base\ILSVRC2012_val_00000006.JPEG,brightness_1p15\ILSVRC2012_val_00000006__brightness_1.15.jpg,photometric,brightness,factor=1.15
base\ILSVRC2012_val_00000006.JPEG,contrast_0p85\ILSVRC2012_val_00000006__contrast_0.85.jpg,photometric,contrast,factor=0.85
base\ILSVRC2012_val_00000006.JPEG,contrast_1p15\ILSVRC2012_val_00000006__contrast_1.15.jpg,photometric,contrast,factor=1.15
base\ILSVRC2012_val_00000006.JPEG,colourshift_r_p20\ILSVRC2012_val_00000006__colourshift_r_p20.jpg,photometric,colour_shift,"channel=r,delta=+20"
base\ILSVRC2012_val_00000006.JPEG,colourshift_g_p20\ILSVRC2012_val_00000006__colourshift_g_p20.jpg,photometric,colour_shift,"channel=g,delta=+20"
base\ILSVRC2012_val_00000006.JPEG,colourshift_b_p20\ILSVRC2012_val_00000006__colourshift_b_p20.jpg,photometric,colour_shift,"channel=b,delta=+20"
base\ILSVRC2012_val_00000006.JPEG,jpeg_q90\ILSVRC2012_val_00000006__jpeg_q90.jpg,compression,jpeg_recompress,quality=90
base\ILSVRC2012_val_00000006.JPEG,jpeg_q75\ILSVRC2012_val_00000006__jpeg_q75.jpg,compression,jpeg_recompress,quality=75
base\ILSVRC2012_val_00000006.JPEG,jpeg_q60\ILSVRC2012_val_00000006__jpeg_q60.jpg,compression,jpeg_recompress,quality=60
base\ILSVRC2012_val_00000006.JPEG,resize_0p75\ILSVRC2012_val_00000006__resize_0.75.jpg,geometric,resize,factor=0.75
base\ILSVRC2012_val_00000006.JPEG,resize_0p5\ILSVRC2012_val_00000006__resize_0.50.jpg,geometric,resize,factor=0.50
base\ILSVRC2012_val_00000006.JPEG,crop_center_0p9\ILSVRC2012_val_00000006__crop_center_0.90.jpg,geometric,center_crop,fraction=0.90
base\ILSVRC2012_val_00000006.JPEG,crop_center_0p75\ILSVRC2012_val_00000006__crop_center_0.75.jpg,geometric,center_crop,fraction=0.75
base\ILSVRC2012_val_00000006.JPEG,rotate_p2\ILSVRC2012_val_00000006__rotate_+2.jpg,geometric,rotate,degrees=+2
base\ILSVRC2012_val_00000006.JPEG,rotate_n2\ILSVRC2012_val_00000006__rotate_-2.jpg,geometric,rotate,degrees=-2
base\ILSVRC2012_val_00000006.JPEG,format_png\ILSVRC2012_val_00000006__format_png.png,format,convert_png,format=PNG
base\ILSVRC2012_val_00000007.JPEG,brightness_0p85\ILSVRC2012_val_00000007__brightness_0.85.jpg,photometric,brightness,factor=0.85
base\ILSVRC2012_val_00000007.JPEG,brightness_1p15\ILSVRC2012_val_00000007__brightness_1.15.jpg,photometric,brightness,factor=1.15
base\ILSVRC2012_val_00000007.JPEG,contrast_0p85\ILSVRC2012_val_00000007__contrast_0.85.jpg,photometric,contrast,factor=0.85
base\ILSVRC2012_val_00000007.JPEG,contrast_1p15\ILSVRC2012_val_00000007__contrast_1.15.jpg,photometric,contrast,factor=1.15
base\ILSVRC2012_val_00000007.JPEG,colourshift_r_p20\ILSVRC2012_val_00000007__colourshift_r_p20.jpg,photometric,colour_shift,"channel=r,delta=+20"
base\ILSVRC2012_val_00000007.JPEG,colourshift_g_p20\ILSVRC2012_val_00000007__colourshift_g_p20.jpg,photometric,colour_shift,"channel=g,delta=+20"
base\ILSVRC2012_val_00000007.JPEG,colourshift_b_p20\ILSVRC2012_val_00000007__colourshift_b_p20.jpg,photometric,colour_shift,"channel=b,delta=+20"
base\ILSVRC2012_val_00000007.JPEG,jpeg_q90\ILSVRC2012_val_00000007__jpeg_q90.jpg,compression,jpeg_recompress,quality=90
base\ILSVRC2012_val_00000007.JPEG,jpeg_q75\ILSVRC2012_val_00000007__jpeg_q75.jpg,compression,jpeg_recompress,quality=75
base\ILSVRC2012_val_00000007.JPEG,jpeg_q60\ILSVRC2012_val_00000007__jpeg_q60.jpg,compression,jpeg_recompress,quality=60
base\ILSVRC2012_val_00000007.JPEG,resize_0p75\ILSVRC2012_val_00000007__resize_0.75.jpg,geometric,resize,factor=0.75
base\ILSVRC2012_val_00000007.JPEG,resize_0p5\ILSVRC2012_val_00000007__resize_0.50.jpg,geometric,resize,factor=0.50
base\ILSVRC2012_val_00000007.JPEG,crop_center_0p9\ILSVRC2012_val_00000007__crop_center_0.90.jpg,geometric,center_crop,fraction=0.90
base\ILSVRC2012_val_00000007.JPEG,crop_center_0p75\ILSVRC2012_val_00000007__crop_center_0.75.jpg,geometric,center_crop,fraction=0.75
base\ILSVRC2012_val_00000007.JPEG,rotate_p2\ILSVRC2012_val_00000007__rotate_+2.jpg,geometric,rotate,degrees=+2
base\ILSVRC2012_val_00000007.JPEG,rotate_n2\ILSVRC2012_val_00000007__rotate_-2.jpg,geometric,rotate,degrees=-2
base\ILSVRC2012_val_00000007.JPEG,format_png\ILSVRC2012_val_00000007__format_png.png,format,convert_png,format=PNG
base\ILSVRC2012_val_00000008.JPEG,brightness_0p85\ILSVRC2012_val_00000008__brightness_0.85.jpg,photometric,brightness,factor=0.85
base\ILSVRC2012_val_00000008.JPEG,brightness_1p15\ILSVRC2012_val_00000008__brightness_1.15.jpg,photometric,brightness,factor=1.15
base\ILSVRC2012_val_00000008.JPEG,contrast_0p85\ILSVRC2012_val_00000008__contrast_0.85.jpg,photometric,contrast,factor=0.85
base\ILSVRC2012_val_00000008.JPEG,contrast_1p15\ILSVRC2012_val_00000008__contrast_1.15.jpg,photometric,contrast,factor=1.15
base\ILSVRC2012_val_00000008.JPEG,colourshift_r_p20\ILSVRC2012_val_00000008__colourshift_r_p20.jpg,photometric,colour_shift,"channel=r,delta=+20"
base\ILSVRC2012_val_00000008.JPEG,colourshift_g_p20\ILSVRC2012_val_00000008__colourshift_g_p20.jpg,photometric,colour_shift,"channel=g,delta=+20"
base\ILSVRC2012_val_00000008.JPEG,colourshift_b_p20\ILSVRC2012_val_00000008__colourshift_b_p20.jpg,photometric,colour_shift,"channel=b,delta=+20"
base\ILSVRC2012_val_00000008.JPEG,jpeg_q90\ILSVRC2012_val_00000008__jpeg_q90.jpg,compression,jpeg_recompress,quality=90
base\ILSVRC2012_val_00000008.JPEG,jpeg_q75\ILSVRC2012_val_00000008__jpeg_q75.jpg,compression,jpeg_recompress,quality=75
base\ILSVRC2012_val_00000008.JPEG,jpeg_q60\ILSVRC2012_val_00000008__jpeg_q60.jpg,compression,jpeg_recompress,quality=60
base\ILSVRC2012_val_00000008.JPEG,resize_0p75\ILSVRC2012_val_00000008__resize_0.75.jpg,geometric,resize,factor=0.75
base\ILSVRC2012_val_00000008.JPEG,resize_0p5\ILSVRC2012_val_00000008__resize_0.50.jpg,geometric,resize,factor=0.50
base\ILSVRC2012_val_00000008.JPEG,crop_center_0p9\ILSVRC2012_val_00000008__crop_center_0.90.jpg,geometric,center_crop,fraction=0.90
base\ILSVRC2012_val_00000008.JPEG,crop_center_0p75\ILSVRC2012_val_00000008__crop_center_0.75.jpg,geometric,center_crop,fraction=0.75
base\ILSVRC2012_val_00000008.JPEG,rotate_p2\ILSVRC2012_val_00000008__rotate_+2.jpg,geometric,rotate,degrees=+2
base\ILSVRC2012_val_00000008.JPEG,rotate_n2\ILSVRC2012_val_00000008__rotate_-2.jpg,geometric,rotate,degrees=-2
base\ILSVRC2012_val_00000008.JPEG,format_png\ILSVRC2012_val_00000008__format_png.png,format,convert_png,format=PNG
base\ILSVRC2012_val_00000009.JPEG,brightness_0p85\ILSVRC2012_val_00000009__brightness_0.85.jpg,photometric,brightness,factor=0.85
base\ILSVRC2012_val_00000009.JPEG,brightness_1p15\ILSVRC2012_val_00000009__brightness_1.15.jpg,photometric,brightness,factor=1.15
base\ILSVRC2012_val_00000009.JPEG,contrast_0p85\ILSVRC2012_val_00000009__contrast_0.85.jpg,photometric,contrast,factor=0.85
base\ILSVRC2012_val_00000009.JPEG,contrast_1p15\ILSVRC2012_val_00000009__contrast_1.15.jpg,photometric,contrast,factor=1.15
base\ILSVRC2012_val_00000009.JPEG,colourshift_r_p20\ILSVRC2012_val_00000009__colourshift_r_p20.jpg,photometric,colour_shift,"channel=r,delta=+20"
base\ILSVRC2012_val_00000009.JPEG,colourshift_g_p20\ILSVRC2012_val_00000009__colourshift_g_p20.jpg,photometric,colour_shift,"channel=g,delta=+20"
base\ILSVRC2012_val_00000009.JPEG,colourshift_b_p20\ILSVRC2012_val_00000009__colourshift_b_p20.jpg,photometric,colour_shift,"channel=b,delta=+20"
base\ILSVRC2012_val_00000009.JPEG,jpeg_q90\ILSVRC2012_val_00000009__jpeg_q90.jpg,compression,jpeg_recompress,quality=90
base\ILSVRC2012_val_00000009.JPEG,jpeg_q75\ILSVRC2012_val_00000009__jpeg_q75.jpg,compression,jpeg_recompress,quality=75
base\ILSVRC2012_val_00000009.JPEG,jpeg_q60\ILSVRC2012_val_00000009__jpeg_q60.jpg,compression,jpeg_recompress,quality=60
base\ILSVRC2012_val_00000009.JPEG,resize_0p75\ILSVRC2012_val_00000009__resize_0.75.jpg,geometric,resize,factor=0.75
base\ILSVRC2012_val_00000009.JPEG,resize_0p5\ILSVRC2012_val_00000009__resize_0.50.jpg,geometric,resize,factor=0.50
base\ILSVRC2012_val_00000009.JPEG,crop_center_0p9\ILSVRC2012_val_00000009__crop_center_0.90.jpg,geometric,center_crop,fraction=0.90
base\ILSVRC2012_val_00000009.JPEG,crop_center_0p75\ILSVRC2012_val_00000009__crop_center_0.75.jpg,geometric,center_crop,fraction=0.75
base\ILSVRC2012_val_00000009.JPEG,rotate_p2\ILSVRC2012_val_00000009__rotate_+2.jpg,geometric,rotate,degrees=+2
base\ILSVRC2012_val_00000009.JPEG,rotate_n2\ILSVRC2012_val_00000009__rotate_-2.jpg,geometric,rotate,degrees=-2
base\ILSVRC2012_val_00000009.JPEG,format_png\ILSVRC2012_val_00000009__format_png.png,format,convert_png,format=PNG
base\ILSVRC2012_val_00000010.JPEG,brightness_0p85\ILSVRC2012_val_00000010__brightness_0.85.jpg,photometric,brightness,factor=0.85
base\ILSVRC2012_val_00000010.JPEG,brightness_1p15\ILSVRC2012_val_00000010__brightness_1.15.jpg,photometric,brightness,factor=1.15
base\ILSVRC2012_val_00000010.JPEG,contrast_0p85\ILSVRC2012_val_00000010__contrast_0.85.jpg,photometric,contrast,factor=0.85
base\ILSVRC2012_val_00000010.JPEG,contrast_1p15\ILSVRC2012_val_00000010__contrast_1.15.jpg,photometric,contrast,factor=1.15
base\ILSVRC2012_val_00000010.JPEG,colourshift_r_p20\ILSVRC2012_val_00000010__colourshift_r_p20.jpg,photometric,colour_shift,"channel=r,delta=+20"
base\ILSVRC2012_val_00000010.JPEG,colourshift_g_p20\ILSVRC2012_val_00000010__colourshift_g_p20.jpg,photometric,colour_shift,"channel=g,delta=+20"
base\ILSVRC2012_val_00000010.JPEG,colourshift_b_p20\ILSVRC2012_val_00000010__colourshift_b_p20.jpg,photometric,colour_shift,"channel=b,delta=+20"
base\ILSVRC2012_val_00000010.JPEG,jpeg_q90\ILSVRC2012_val_00000010__jpeg_q90.jpg,compression,jpeg_recompress,quality=90
base\ILSVRC2012_val_00000010.JPEG,jpeg_q75\ILSVRC2012_val_00000010__jpeg_q75.jpg,compression,jpeg_recompress,quality=75
base\ILSVRC2012_val_00000010.JPEG,jpeg_q60\ILSVRC2012_val_00000010__jpeg_q60.jpg,compression,jpeg_recompress,quality=60
base\ILSVRC2012_val_00000010.JPEG,resize_0p75\ILSVRC2012_val_00000010__resize_0.75.jpg,geometric,resize,factor=0.75
base\ILSVRC2012_val_00000010.JPEG,resize_0p5\ILSVRC2012_val_00000010__resize_0.50.jpg,geometric,resize,factor=0.50
base\ILSVRC2012_val_00000010.JPEG,crop_center_0p9\ILSVRC2012_val_00000010__crop_center_0.90.jpg,geometric,center_crop,fraction=0.90
base\ILSVRC2012_val_00000010.JPEG,crop_center_0p75\ILSVRC2012_val_00000010__crop_center_0.75.jpg,geometric,center_crop,fraction=0.75
base\ILSVRC2012_val_00000010.JPEG,rotate_p2\ILSVRC2012_val_00000010__rotate_+2.jpg,geometric,rotate,degrees=+2
base\ILSVRC2012_val_00000010.JPEG,rotate_n2\ILSVRC2012_val_00000010__rotate_-2.jpg,geometric,rotate,degrees=-2
base\ILSVRC2012_val_00000010.JPEG,format_png\ILSVRC2012_val_00000010__format_png.png,format,convert_png,format=PNG
base\ILSVRC2012_val_00000011.JPEG,brightness_0p85\ILSVRC2012_val_00000011__brightness_0.85.jpg,photometric,brightness,factor=0.85
base\ILSVRC2012_val_00000011.JPEG,brightness_1p15\ILSVRC2012_val_00000011__brightness_1.15.jpg,photometric,brightness,factor=1.15
base\ILSVRC2012_val_00000011.JPEG,contrast_0p85\ILSVRC2012_val_00000011__contrast_0.85.jpg,photometric,contrast,factor=0.85
base\ILSVRC2012_val_00000011.JPEG,contrast_1p15\ILSVRC2012_val_00000011__contrast_1.15.jpg,photometric,contrast,factor=1.15
base\ILSVRC2012_val_00000011.JPEG,colourshift_r_p20\ILSVRC2012_val_00000011__colourshift_r_p20.jpg,photometric,colour_shift,"channel=r,delta=+20"
base\ILSVRC2012_val_00000011.JPEG,colourshift_g_p20\ILSVRC2012_val_00000011__colourshift_g_p20.jpg,photometric,colour_shift,"channel=g,delta=+20"
base\ILSVRC2012_val_00000011.JPEG,colourshift_b_p20\ILSVRC2012_val_00000011__colourshift_b_p20.jpg,photometric,colour_shift,"channel=b,delta=+20"
base\ILSVRC2012_val_00000011.JPEG,jpeg_q90\ILSVRC2012_val_00000011__jpeg_q90.jpg,compression,jpeg_recompress,quality=90
base\ILSVRC2012_val_00000011.JPEG,jpeg_q75\ILSVRC2012_val_00000011__jpeg_q75.jpg,compression,jpeg_recompress,quality=75
base\ILSVRC2012_val_00000011.JPEG,jpeg_q60\ILSVRC2012_val_00000011__jpeg_q60.jpg,compression,jpeg_recompress,quality=60
base\ILSVRC2012_val_00000011.JPEG,resize_0p75\ILSVRC2012_val_00000011__resize_0.75.jpg,geometric,resize,factor=0.75
base\ILSVRC2012_val_00000011.JPEG,resize_0p5\ILSVRC2012_val_00000011__resize_0.50.jpg,geometric,resize,factor=0.50
base\ILSVRC2012_val_00000011.JPEG,crop_center_0p9\ILSVRC2012_val_00000011__crop_center_0.90.jpg,geometric,center_crop,fraction=0.90
base\ILSVRC2012_val_00000011.JPEG,crop_center_0p75\ILSVRC2012_val_00000011__crop_center_0.75.jpg,geometric,center_crop,fraction=0.75
base\ILSVRC2012_val_00000011.JPEG,rotate_p2\ILSVRC2012_val_00000011__rotate_+2.jpg,geometric,rotate,degrees=+2
base\ILSVRC2012_val_00000011.JPEG,rotate_n2\ILSVRC2012_val_00000011__rotate_-2.jpg,geometric,rotate,degrees=-2
base\ILSVRC2012_val_00000011.JPEG,format_png\ILSVRC2012_val_00000011__format_png.png,format,convert_png,format=PNG
base\ILSVRC2012_val_00000012.JPEG,brightness_0p85\ILSVRC2012_val_00000012__brightness_0.85.jpg,photometric,brightness,factor=0.85
base\ILSVRC2012_val_00000012.JPEG,brightness_1p15\ILSVRC2012_val_00000012__brightness_1.15.jpg,photometric,brightness,factor=1.15
base\ILSVRC2012_val_00000012.JPEG,contrast_0p85\ILSVRC2012_val_00000012__contrast_0.85.jpg,photometric,contrast,factor=0.85
base\ILSVRC2012_val_00000012.JPEG,contrast_1p15\ILSVRC2012_val_00000012__contrast_1.15.jpg,photometric,contrast,factor=1.15
base\ILSVRC2012_val_00000012.JPEG,colourshift_r_p20\ILSVRC2012_val_00000012__colourshift_r_p20.jpg,photometric,colour_shift,"channel=r,delta=+20"
base\ILSVRC2012_val_00000012.JPEG,colourshift_g_p20\ILSVRC2012_val_00000012__colourshift_g_p20.jpg,photometric,colour_shift,"channel=g,delta=+20"
base\ILSVRC2012_val_00000012.JPEG,colourshift_b_p20\ILSVRC2012_val_00000012__colourshift_b_p20.jpg,photometric,colour_shift,"channel=b,delta=+20"
base\ILSVRC2012_val_00000012.JPEG,jpeg_q90\ILSVRC2012_val_00000012__jpeg_q90.jpg,compression,jpeg_recompress,quality=90
base\ILSVRC2012_val_00000012.JPEG,jpeg_q75\ILSVRC2012_val_00000012__jpeg_q75.jpg,compression,jpeg_recompress,quality=75
base\ILSVRC2012_val_00000012.JPEG,jpeg_q60\ILSVRC2012_val_00000012__jpeg_q60.jpg,compression,jpeg_recompress,quality=60
base\ILSVRC2012_val_00000012.JPEG,resize_0p75\ILSVRC2012_val_00000012__resize_0.75.jpg,geometric,resize,factor=0.75
base\ILSVRC2012_val_00000012.JPEG,resize_0p5\ILSVRC2012_val_00000012__resize_0.50.jpg,geometric,resize,factor=0.50
base\ILSVRC2012_val_00000012.JPEG,crop_center_0p9\ILSVRC2012_val_00000012__crop_center_0.90.jpg,geometric,center_crop,fraction=0.90
base\ILSVRC2012_val_00000012.JPEG,crop_center_0p75\ILSVRC2012_val_00000012__crop_center_0.75.jpg,geometric,center_crop,fraction=0.75
base\ILSVRC2012_val_00000012.JPEG,rotate_p2\ILSVRC2012_val_00000012__rotate_+2.jpg,geometric,rotate,degrees=+2
base\ILSVRC2012_val_00000012.JPEG,rotate_n2\ILSVRC2012_val_00000012__rotate_-2.jpg,geometric,rotate,degrees=-2
base\ILSVRC2012_val_00000012.JPEG,format_png\ILSVRC2012_val_00000012__format_png.png,format,convert_png,format=PNG
base\ILSVRC2012_val_00000013.JPEG,brightness_0p85\ILSVRC2012_val_00000013__brightness_0.85.jpg,photometric,brightness,factor=0.85
base\ILSVRC2012_val_00000013.JPEG,brightness_1p15\ILSVRC2012_val_00000013__brightness_1.15.jpg,photometric,brightness,factor=1.15
base\ILSVRC2012_val_00000013.JPEG,contrast_0p85\ILSVRC2012_val_00000013__contrast_0.85.jpg,photometric,contrast,factor=0.85
base\ILSVRC2012_val_00000013.JPEG,contrast_1p15\ILSVRC2012_val_00000013__contrast_1.15.jpg,photometric,contrast,factor=1.15
base\ILSVRC2012_val_00000013.JPEG,colourshift_r_p20\ILSVRC2012_val_00000013__colourshift_r_p20.jpg,photometric,colour_shift,"channel=r,delta=+20"
base\ILSVRC2012_val_00000013.JPEG,colourshift_g_p20\ILSVRC2012_val_00000013__colourshift_g_p20.jpg,photometric,colour_shift,"channel=g,delta=+20"
base\ILSVRC2012_val_00000013.JPEG,colourshift_b_p20\ILSVRC2012_val_00000013__colourshift_b_p20.jpg,photometric,colour_shift,"channel=b,delta=+20"
base\ILSVRC2012_val_00000013.JPEG,jpeg_q90\ILSVRC2012_val_00000013__jpeg_q90.jpg,compression,jpeg_recompress,quality=90
base\ILSVRC2012_val_00000013.JPEG,jpeg_q75\ILSVRC2012_val_00000013__jpeg_q75.jpg,compression,jpeg_recompress,quality=75
base\ILSVRC2012_val_00000013.JPEG,jpeg_q60\ILSVRC2012_val_00000013__jpeg_q60.jpg,compression,jpeg_recompress,quality=60
base\ILSVRC2012_val_00000013.JPEG,resize_0p75\ILSVRC2012_val_00000013__resize_0.75.jpg,geometric,resize,factor=0.75
base\ILSVRC2012_val_00000013.JPEG,resize_0p5\ILSVRC2012_val_00000013__resize_0.50.jpg,geometric,resize,factor=0.50
base\ILSVRC2012_val_00000013.JPEG,crop_center_0p9\ILSVRC2012_val_00000013__crop_center_0.90.jpg,geometric,center_crop,fraction=0.90
base\ILSVRC2012_val_00000013.JPEG,crop_center_0p75\ILSVRC2012_val_00000013__crop_center_0.75.jpg,geometric,center_crop,fraction=0.75
base\ILSVRC2012_val_00000013.JPEG,rotate_p2\ILSVRC2012_val_00000013__rotate_+2.jpg,geometric,rotate,degrees=+2
base\ILSVRC2012_val_00000013.JPEG,rotate_n2\ILSVRC2012_val_00000013__rotate_-2.jpg,geometric,rotate,degrees=-2
base\ILSVRC2012_val_00000013.JPEG,format_png\ILSVRC2012_val_00000013__format_png.png,format,convert_png,format=PNG
base\ILSVRC2012_val_00000014.JPEG,brightness_0p85\ILSVRC2012_val_00000014__brightness_0.85.jpg,photometric,brightness,factor=0.85
base\ILSVRC2012_val_00000014.JPEG,brightness_1p15\ILSVRC2012_val_00000014__brightness_1.15.jpg,photometric,brightness,factor=1.15
base\ILSVRC2012_val_00000014.JPEG,contrast_0p85\ILSVRC2012_val_00000014__contrast_0.85.jpg,photometric,contrast,factor=0.85
base\ILSVRC2012_val_00000014.JPEG,contrast_1p15\ILSVRC2012_val_00000014__contrast_1.15.jpg,photometric,contrast,factor=1.15
base\ILSVRC2012_val_00000014.JPEG,colourshift_r_p20\ILSVRC2012_val_00000014__colourshift_r_p20.jpg,photometric,colour_shift,"channel=r,delta=+20"
base\ILSVRC2012_val_00000014.JPEG,colourshift_g_p20\ILSVRC2012_val_00000014__colourshift_g_p20.jpg,photometric,colour_shift,"channel=g,delta=+20"
base\ILSVRC2012_val_00000014.JPEG,colourshift_b_p20\ILSVRC2012_val_00000014__colourshift_b_p20.jpg,photometric,colour_shift,"channel=b,delta=+20"
base\ILSVRC2012_val_00000014.JPEG,jpeg_q90\ILSVRC2012_val_00000014__jpeg_q90.jpg,compression,jpeg_recompress,quality=90
base\ILSVRC2012_val_00000014.JPEG,jpeg_q75\ILSVRC2012_val_00000014__jpeg_q75.jpg,compression,jpeg_recompress,quality=75
base\ILSVRC2012_val_00000014.JPEG,jpeg_q60\ILSVRC2012_val_00000014__jpeg_q60.jpg,compression,jpeg_recompress,quality=60
base\ILSVRC2012_val_00000014.JPEG,resize_0p75\ILSVRC2012_val_00000014__resize_0.75.jpg,geometric,resize,factor=0.75
base\ILSVRC2012_val_00000014.JPEG,resize_0p5\ILSVRC2012_val_00000014__resize_0.50.jpg,geometric,resize,factor=0.50
base\ILSVRC2012_val_00000014.JPEG,crop_center_0p9\ILSVRC2012_val_00000014__crop_center_0.90.jpg,geometric,center_crop,fraction=0.90
base\ILSVRC2012_val_00000014.JPEG,crop_center_0p75\ILSVRC2012_val_00000014__crop_center_0.75.jpg,geometric,center_crop,fraction=0.75
base\ILSVRC2012_val_00000014.JPEG,rotate_p2\ILSVRC2012_val_00000014__rotate_+2.jpg,geometric,rotate,degrees=+2
base\ILSVRC2012_val_00000014.JPEG,rotate_n2\ILSVRC2012_val_00000014__rotate_-2.jpg,geometric,rotate,degrees=-2
base\ILSVRC2012_val_00000014.JPEG,format_png\ILSVRC2012_val_00000014__format_png.png,format,convert_png,format=PNG
base\ILSVRC2012_val_00000015.JPEG,brightness_0p85\ILSVRC2012_val_00000015__brightness_0.85.jpg,photometric,brightness,factor=0.85
base\ILSVRC2012_val_00000015.JPEG,brightness_1p15\ILSVRC2012_val_00000015__brightness_1.15.jpg,photometric,brightness,factor=1.15
base\ILSVRC2012_val_00000015.JPEG,contrast_0p85\ILSVRC2012_val_00000015__contrast_0.85.jpg,photometric,contrast,factor=0.85
base\ILSVRC2012_val_00000015.JPEG,contrast_1p15\ILSVRC2012_val_00000015__contrast_1.15.jpg,photometric,contrast,factor=1.15
base\ILSVRC2012_val_00000015.JPEG,colourshift_r_p20\ILSVRC2012_val_00000015__colourshift_r_p20.jpg,photometric,colour_shift,"channel=r,delta=+20"
base\ILSVRC2012_val_00000015.JPEG,colourshift_g_p20\ILSVRC2012_val_00000015__colourshift_g_p20.jpg,photometric,colour_shift,"channel=g,delta=+20"
base\ILSVRC2012_val_00000015.JPEG,colourshift_b_p20\ILSVRC2012_val_00000015__colourshift_b_p20.jpg,photometric,colour_shift,"channel=b,delta=+20"
base\ILSVRC2012_val_00000015.JPEG,jpeg_q90\ILSVRC2012_val_00000015__jpeg_q90.jpg,compression,jpeg_recompress,quality=90
base\ILSVRC2012_val_00000015.JPEG,jpeg_q75\ILSVRC2012_val_00000015__jpeg_q75.jpg,compression,jpeg_recompress,quality=75
base\ILSVRC2012_val_00000015.JPEG,jpeg_q60\ILSVRC2012_val_00000015__jpeg_q60.jpg,compression,jpeg_recompress,quality=60
base\ILSVRC2012_val_00000015.JPEG,resize_0p75\ILSVRC2012_val_00000015__resize_0.75.jpg,geometric,resize,factor=0.75
base\ILSVRC2012_val_00000015.JPEG,resize_0p5\ILSVRC2012_val_00000015__resize_0.50.jpg,geometric,resize,factor=0.50
base\ILSVRC2012_val_00000015.JPEG,crop_center_0p9\ILSVRC2012_val_00000015__crop_center_0.90.jpg,geometric,center_crop,fraction=0.90
base\ILSVRC2012_val_00000015.JPEG,crop_center_0p75\ILSVRC2012_val_00000015__crop_center_0.75.jpg,geometric,center_crop,fraction=0.75
base\ILSVRC2012_val_00000015.JPEG,rotate_p2\ILSVRC2012_val_00000015__rotate_+2.jpg,geometric,rotate,degrees=+2
base\ILSVRC2012_val_00000015.JPEG,rotate_n2\ILSVRC2012_val_00000015__rotate_-2.jpg,geometric,rotate,degrees=-2
base\ILSVRC2012_val_00000015.JPEG,format_png\ILSVRC2012_val_00000015__format_png.png,format,convert_png,format=PNG
base\ILSVRC2012_val_00000016.JPEG,brightness_0p85\ILSVRC2012_val_00000016__brightness_0.85.jpg,photometric,brightness,factor=0.85
base\ILSVRC2012_val_00000016.JPEG,brightness_1p15\ILSVRC2012_val_00000016__brightness_1.15.jpg,photometric,brightness,factor=1.15
base\ILSVRC2012_val_00000016.JPEG,contrast_0p85\ILSVRC2012_val_00000016__contrast_0.85.jpg,photometric,contrast,factor=0.85
base\ILSVRC2012_val_00000016.JPEG,contrast_1p15\ILSVRC2012_val_00000016__contrast_1.15.jpg,photometric,contrast,factor=1.15
base\ILSVRC2012_val_00000016.JPEG,colourshift_r_p20\ILSVRC2012_val_00000016__colourshift_r_p20.jpg,photometric,colour_shift,"channel=r,delta=+20"
base\ILSVRC2012_val_00000016.JPEG,colourshift_g_p20\ILSVRC2012_val_00000016__colourshift_g_p20.jpg,photometric,colour_shift,"channel=g,delta=+20"
base\ILSVRC2012_val_00000016.JPEG,colourshift_b_p20\ILSVRC2012_val_00000016__colourshift_b_p20.jpg,photometric,colour_shift,"channel=b,delta=+20"
base\ILSVRC2012_val_00000016.JPEG,jpeg_q90\ILSVRC2012_val_00000016__jpeg_q90.jpg,compression,jpeg_recompress,quality=90
base\ILSVRC2012_val_00000016.JPEG,jpeg_q75\ILSVRC2012_val_00000016__jpeg_q75.jpg,compression,jpeg_recompress,quality=75
base\ILSVRC2012_val_00000016.JPEG,jpeg_q60\ILSVRC2012_val_00000016__jpeg_q60.jpg,compression,jpeg_recompress,quality=60
base\ILSVRC2012_val_00000016.JPEG,resize_0p75\ILSVRC2012_val_00000016__resize_0.75.jpg,geometric,resize,factor=0.75
base\ILSVRC2012_val_00000016.JPEG,resize_0p5\ILSVRC2012_val_00000016__resize_0.50.jpg,geometric,resize,factor=0.50
base\ILSVRC2012_val_00000016.JPEG,crop_center_0p9\ILSVRC2012_val_00000016__crop_center_0.90.jpg,geometric,center_crop,fraction=0.90
base\ILSVRC2012_val_00000016.JPEG,crop_center_0p75\ILSVRC2012_val_00000016__crop_center_0.75.jpg,geometric,center_crop,fraction=0.75
base\ILSVRC2012_val_00000016.JPEG,rotate_p2\ILSVRC2012_val_00000016__rotate_+2.jpg,geometric,rotate,degrees=+2
base\ILSVRC2012_val_00000016.JPEG,rotate_n2\ILSVRC2012_val_00000016__rotate_-2.jpg,geometric,rotate,degrees=-2
base\ILSVRC2012_val_00000016.JPEG,format_png\ILSVRC2012_val_00000016__format_png.png,format,convert_png,format=PNG
base\ILSVRC2012_val_00000017.JPEG,brightness_0p85\ILSVRC2012_val_00000017__brightness_0.85.jpg,photometric,brightness,factor=0.85
base\ILSVRC2012_val_00000017.JPEG,brightness_1p15\ILSVRC2012_val_00000017__brightness_1.15.jpg,photometric,brightness,factor=1.15
base\ILSVRC2012_val_00000017.JPEG,contrast_0p85\ILSVRC2012_val_00000017__contrast_0.85.jpg,photometric,contrast,factor=0.85
base\ILSVRC2012_val_00000017.JPEG,contrast_1p15\ILSVRC2012_val_00000017__contrast_1.15.jpg,photometric,contrast,factor=1.15
base\ILSVRC2012_val_00000017.JPEG,colourshift_r_p20\ILSVRC2012_val_00000017__colourshift_r_p20.jpg,photometric,colour_shift,"channel=r,delta=+20"
base\ILSVRC2012_val_00000017.JPEG,colourshift_g_p20\ILSVRC2012_val_00000017__colourshift_g_p20.jpg,photometric,colour_shift,"channel=g,delta=+20"
base\ILSVRC2012_val_00000017.JPEG,colourshift_b_p20\ILSVRC2012_val_00000017__colourshift_b_p20.jpg,photometric,colour_shift,"channel=b,delta=+20"
base\ILSVRC2012_val_00000017.JPEG,jpeg_q90\ILSVRC2012_val_00000017__jpeg_q90.jpg,compression,jpeg_recompress,quality=90
base\ILSVRC2012_val_00000017.JPEG,jpeg_q75\ILSVRC2012_val_00000017__jpeg_q75.jpg,compression,jpeg_recompress,quality=75
base\ILSVRC2012_val_00000017.JPEG,jpeg_q60\ILSVRC2012_val_00000017__jpeg_q60.jpg,compression,jpeg_recompress,quality=60
base\ILSVRC2012_val_00000017.JPEG,resize_0p75\ILSVRC2012_val_00000017__resize_0.75.jpg,geometric,resize,factor=0.75
base\ILSVRC2012_val_00000017.JPEG,resize_0p5\ILSVRC2012_val_00000017__resize_0.50.jpg,geometric,resize,factor=0.50
base\ILSVRC2012_val_00000017.JPEG,crop_center_0p9\ILSVRC2012_val_00000017__crop_center_0.90.jpg,geometric,center_crop,fraction=0.90
base\ILSVRC2012_val_00000017.JPEG,crop_center_0p75\ILSVRC2012_val_00000017__crop_center_0.75.jpg,geometric,center_crop,fraction=0.75
base\ILSVRC2012_val_00000017.JPEG,rotate_p2\ILSVRC2012_val_00000017__rotate_+2.jpg,geometric,rotate,degrees=+2
base\ILSVRC2012_val_00000017.JPEG,rotate_n2\ILSVRC2012_val_00000017__rotate_-2.jpg,geometric,rotate,degrees=-2
base\ILSVRC2012_val_00000017.JPEG,format_png\ILSVRC2012_val_00000017__format_png.png,format,convert_png,format=PNG
base\ILSVRC2012_val_00000018.JPEG,brightness_0p85\ILSVRC2012_val_00000018__brightness_0.85.jpg,photometric,brightness,factor=0.85
base\ILSVRC2012_val_00000018.JPEG,brightness_1p15\ILSVRC2012_val_00000018__brightness_1.15.jpg,photometric,brightness,factor=1.15
base\ILSVRC2012_val_00000018.JPEG,contrast_0p85\ILSVRC2012_val_00000018__contrast_0.85.jpg,photometric,contrast,factor=0.85
base\ILSVRC2012_val_00000018.JPEG,contrast_1p15\ILSVRC2012_val_00000018__contrast_1.15.jpg,photometric,contrast,factor=1.15
base\ILSVRC2012_val_00000018.JPEG,colourshift_r_p20\ILSVRC2012_val_00000018__colourshift_r_p20.jpg,photometric,colour_shift,"channel=r,delta=+20"
base\ILSVRC2012_val_00000018.JPEG,colourshift_g_p20\ILSVRC2012_val_00000018__colourshift_g_p20.jpg,photometric,colour_shift,"channel=g,delta=+20"
base\ILSVRC2012_val_00000018.JPEG,colourshift_b_p20\ILSVRC2012_val_00000018__colourshift_b_p20.jpg,photometric,colour_shift,"channel=b,delta=+20"
base\ILSVRC2012_val_00000018.JPEG,jpeg_q90\ILSVRC2012_val_00000018__jpeg_q90.jpg,compression,jpeg_recompress,quality=90
base\ILSVRC2012_val_00000018.JPEG,jpeg_q75\ILSVRC2012_val_00000018__jpeg_q75.jpg,compression,jpeg_recompress,quality=75
base\ILSVRC2012_val_00000018.JPEG,jpeg_q60\ILSVRC2012_val_00000018__jpeg_q60.jpg,compression,jpeg_recompress,quality=60
base\ILSVRC2012_val_00000018.JPEG,resize_0p75\ILSVRC2012_val_00000018__resize_0.75.jpg,geometric,resize,factor=0.75
base\ILSVRC2012_val_00000018.JPEG,resize_0p5\ILSVRC2012_val_00000018__resize_0.50.jpg,geometric,resize,factor=0.50
base\ILSVRC2012_val_00000018.JPEG,crop_center_0p9\ILSVRC2012_val_00000018__crop_center_0.90.jpg,geometric,center_crop,fraction=0.90
base\ILSVRC2012_val_00000018.JPEG,crop_center_0p75\ILSVRC2012_val_00000018__crop_center_0.75.jpg,geometric,center_crop,fraction=0.75
base\ILSVRC2012_val_00000018.JPEG,rotate_p2\ILSVRC2012_val_00000018__rotate_+2.jpg,geometric,rotate,degrees=+2
base\ILSVRC2012_val_00000018.JPEG,rotate_n2\ILSVRC2012_val_00000018__rotate_-2.jpg,geometric,rotate,degrees=-2
base\ILSVRC2012_val_00000018.JPEG,format_png\ILSVRC2012_val_00000018__format_png.png,format,convert_png,format=PNG
base\ILSVRC2012_val_00000019.JPEG,brightness_0p85\ILSVRC2012_val_00000019__brightness_0.85.jpg,photometric,brightness,factor=0.85
base\ILSVRC2012_val_00000019.JPEG,brightness_1p15\ILSVRC2012_val_00000019__brightness_1.15.jpg,photometric,brightness,factor=1.15
base\ILSVRC2012_val_00000019.JPEG,contrast_0p85\ILSVRC2012_val_00000019__contrast_0.85.jpg,photometric,contrast,factor=0.85
base\ILSVRC2012_val_00000019.JPEG,contrast_1p15\ILSVRC2012_val_00000019__contrast_1.15.jpg,photometric,contrast,factor=1.15
base\ILSVRC2012_val_00000019.JPEG,colourshift_r_p20\ILSVRC2012_val_00000019__colourshift_r_p20.jpg,photometric,colour_shift,"channel=r,delta=+20"
base\ILSVRC2012_val_00000019.JPEG,colourshift_g_p20\ILSVRC2012_val_00000019__colourshift_g_p20.jpg,photometric,colour_shift,"channel=g,delta=+20"
base\ILSVRC2012_val_00000019.JPEG,colourshift_b_p20\ILSVRC2012_val_00000019__colourshift_b_p20.jpg,photometric,colour_shift,"channel=b,delta=+20"
base\ILSVRC2012_val_00000019.JPEG,jpeg_q90\ILSVRC2012_val_00000019__jpeg_q90.jpg,compression,jpeg_recompress,quality=90
base\ILSVRC2012_val_00000019.JPEG,jpeg_q75\ILSVRC2012_val_00000019__jpeg_q75.jpg,compression,jpeg_recompress,quality=75
base\ILSVRC2012_val_00000019.JPEG,jpeg_q60\ILSVRC2012_val_00000019__jpeg_q60.jpg,compression,jpeg_recompress,quality=60
base\ILSVRC2012_val_00000019.JPEG,resize_0p75\ILSVRC2012_val_00000019__resize_0.75.jpg,geometric,resize,factor=0.75
base\ILSVRC2012_val_00000019.JPEG,resize_0p5\ILSVRC2012_val_00000019__resize_0.50.jpg,geometric,resize,factor=0.50
base\ILSVRC2012_val_00000019.JPEG,crop_center_0p9\ILSVRC2012_val_00000019__crop_center_0.90.jpg,geometric,center_crop,fraction=0.90
base\ILSVRC2012_val_00000019.JPEG,crop_center_0p75\ILSVRC2012_val_00000019__crop_center_0.75.jpg,geometric,center_crop,fraction=0.75
base\ILSVRC2012_val_00000019.JPEG,rotate_p2\ILSVRC2012_val_00000019__rotate_+2.jpg,geometric,rotate,degrees=+2
base\ILSVRC2012_val_00000019.JPEG,rotate_n2\ILSVRC2012_val_00000019__rotate_-2.jpg,geometric,rotate,degrees=-2
base\ILSVRC2012_val_00000019.JPEG,format_png\ILSVRC2012_val_00000019__format_png.png,format,convert_png,format=PNG
base\ILSVRC2012_val_00000020.JPEG,brightness_0p85\ILSVRC2012_val_00000020__brightness_0.85.jpg,photometric,brightness,factor=0.85
base\ILSVRC2012_val_00000020.JPEG,brightness_1p15\ILSVRC2012_val_00000020__brightness_1.15.jpg,photometric,brightness,factor=1.15
base\ILSVRC2012_val_00000020.JPEG,contrast_0p85\ILSVRC2012_val_00000020__contrast_0.85.jpg,photometric,contrast,factor=0.85
base\ILSVRC2012_val_00000020.JPEG,contrast_1p15\ILSVRC2012_val_00000020__contrast_1.15.jpg,photometric,contrast,factor=1.15
base\ILSVRC2012_val_00000020.JPEG,colourshift_r_p20\ILSVRC2012_val_00000020__colourshift_r_p20.jpg,photometric,colour_shift,"channel=r,delta=+20"
base\ILSVRC2012_val_00000020.JPEG,colourshift_g_p20\ILSVRC2012_val_00000020__colourshift_g_p20.jpg,photometric,colour_shift,"channel=g,delta=+20"
base\ILSVRC2012_val_00000020.JPEG,colourshift_b_p20\ILSVRC2012_val_00000020__colourshift_b_p20.jpg,photometric,colour_shift,"channel=b,delta=+20"
base\ILSVRC2012_val_00000020.JPEG,jpeg_q90\ILSVRC2012_val_00000020__jpeg_q90.jpg,compression,jpeg_recompress,quality=90
base\ILSVRC2012_val_00000020.JPEG,jpeg_q75\ILSVRC2012_val_00000020__jpeg_q75.jpg,compression,jpeg_recompress,quality=75
base\ILSVRC2012_val_00000020.JPEG,jpeg_q60\ILSVRC2012_val_00000020__jpeg_q60.jpg,compression,jpeg_recompress,quality=60
base\ILSVRC2012_val_00000020.JPEG,resize_0p75\ILSVRC2012_val_00000020__resize_0.75.jpg,geometric,resize,factor=0.75
base\ILSVRC2012_val_00000020.JPEG,resize_0p5\ILSVRC2012_val_00000020__resize_0.50.jpg,geometric,resize,factor=0.50
base\ILSVRC2012_val_00000020.JPEG,crop_center_0p9\ILSVRC2012_val_00000020__crop_center_0.90.jpg,geometric,center_crop,fraction=0.90
base\ILSVRC2012_val_00000020.JPEG,crop_center_0p75\ILSVRC2012_val_00000020__crop_center_0.75.jpg,geometric,center_crop,fraction=0.75
base\ILSVRC2012_val_00000020.JPEG,rotate_p2\ILSVRC2012_val_00000020__rotate_+2.jpg,geometric,rotate,degrees=+2
base\ILSVRC2012_val_00000020.JPEG,rotate_n2\ILSVRC2012_val_00000020__rotate_-2.jpg,geometric,rotate,degrees=-2
base\ILSVRC2012_val_00000020.JPEG,format_png\ILSVRC2012_val_00000020__format_png.png,format,convert_png,format=PNG
base\ILSVRC2012_val_00000021.JPEG,brightness_0p85\ILSVRC2012_val_00000021__brightness_0.85.jpg,photometric,brightness,factor=0.85
base\ILSVRC2012_val_00000021.JPEG,brightness_1p15\ILSVRC2012_val_00000021__brightness_1.15.jpg,photometric,brightness,factor=1.15
base\ILSVRC2012_val_00000021.JPEG,contrast_0p85\ILSVRC2012_val_00000021__contrast_0.85.jpg,photometric,contrast,factor=0.85
base\ILSVRC2012_val_00000021.JPEG,contrast_1p15\ILSVRC2012_val_00000021__contrast_1.15.jpg,photometric,contrast,factor=1.15
base\ILSVRC2012_val_00000021.JPEG,colourshift_r_p20\ILSVRC2012_val_00000021__colourshift_r_p20.jpg,photometric,colour_shift,"channel=r,delta=+20"
base\ILSVRC2012_val_00000021.JPEG,colourshift_g_p20\ILSVRC2012_val_00000021__colourshift_g_p20.jpg,photometric,colour_shift,"channel=g,delta=+20"
base\ILSVRC2012_val_00000021.JPEG,colourshift_b_p20\ILSVRC2012_val_00000021__colourshift_b_p20.jpg,photometric,colour_shift,"channel=b,delta=+20"
base\ILSVRC2012_val_00000021.JPEG,jpeg_q90\ILSVRC2012_val_00000021__jpeg_q90.jpg,compression,jpeg_recompress,quality=90
base\ILSVRC2012_val_00000021.JPEG,jpeg_q75\ILSVRC2012_val_00000021__jpeg_q75.jpg,compression,jpeg_recompress,quality=75
base\ILSVRC2012_val_00000021.JPEG,jpeg_q60\ILSVRC2012_val_00000021__jpeg_q60.jpg,compression,jpeg_recompress,quality=60
base\ILSVRC2012_val_00000021.JPEG,resize_0p75\ILSVRC2012_val_00000021__resize_0.75.jpg,geometric,resize,factor=0.75
base\ILSVRC2012_val_00000021.JPEG,resize_0p5\ILSVRC2012_val_00000021__resize_0.50.jpg,geometric,resize,factor=0.50
base\ILSVRC2012_val_00000021.JPEG,crop_center_0p9\ILSVRC2012_val_00000021__crop_center_0.90.jpg,geometric,center_crop,fraction=0.90
base\ILSVRC2012_val_00000021.JPEG,crop_center_0p75\ILSVRC2012_val_00000021__crop_center_0.75.jpg,geometric,center_crop,fraction=0.75
base\ILSVRC2012_val_00000021.JPEG,rotate_p2\ILSVRC2012_val_00000021__rotate_+2.jpg,geometric,rotate,degrees=+2
base\ILSVRC2012_val_00000021.JPEG,rotate_n2\ILSVRC2012_val_00000021__rotate_-2.jpg,geometric,rotate,degrees=-2
base\ILSVRC2012_val_00000021.JPEG,format_png\ILSVRC2012_val_00000021__format_png.png,format,convert_png,format=PNG
base\ILSVRC2012_val_00000022.JPEG,brightness_0p85\ILSVRC2012_val_00000022__brightness_0.85.jpg,photometric,brightness,factor=0.85
base\ILSVRC2012_val_00000022.JPEG,brightness_1p15\ILSVRC2012_val_00000022__brightness_1.15.jpg,photometric,brightness,factor=1.15
base\ILSVRC2012_val_00000022.JPEG,contrast_0p85\ILSVRC2012_val_00000022__contrast_0.85.jpg,photometric,contrast,factor=0.85
base\ILSVRC2012_val_00000022.JPEG,contrast_1p15\ILSVRC2012_val_00000022__contrast_1.15.jpg,photometric,contrast,factor=1.15
base\ILSVRC2012_val_00000022.JPEG,colourshift_r_p20\ILSVRC2012_val_00000022__colourshift_r_p20.jpg,photometric,colour_shift,"channel=r,delta=+20"
base\ILSVRC2012_val_00000022.JPEG,colourshift_g_p20\ILSVRC2012_val_00000022__colourshift_g_p20.jpg,photometric,colour_shift,"channel=g,delta=+20"
base\ILSVRC2012_val_00000022.JPEG,colourshift_b_p20\ILSVRC2012_val_00000022__colourshift_b_p20.jpg,photometric,colour_shift,"channel=b,delta=+20"
base\ILSVRC2012_val_00000022.JPEG,jpeg_q90\ILSVRC2012_val_00000022__jpeg_q90.jpg,compression,jpeg_recompress,quality=90
base\ILSVRC2012_val_00000022.JPEG,jpeg_q75\ILSVRC2012_val_00000022__jpeg_q75.jpg,compression,jpeg_recompress,quality=75
base\ILSVRC2012_val_00000022.JPEG,jpeg_q60\ILSVRC2012_val_00000022__jpeg_q60.jpg,compression,jpeg_recompress,quality=60
base\ILSVRC2012_val_00000022.JPEG,resize_0p75\ILSVRC2012_val_00000022__resize_0.75.jpg,geometric,resize,factor=0.75
base\ILSVRC2012_val_00000022.JPEG,resize_0p5\ILSVRC2012_val_00000022__resize_0.50.jpg,geometric,resize,factor=0.50
base\ILSVRC2012_val_00000022.JPEG,crop_center_0p9\ILSVRC2012_val_00000022__crop_center_0.90.jpg,geometric,center_crop,fraction=0.90
base\ILSVRC2012_val_00000022.JPEG,crop_center_0p75\ILSVRC2012_val_00000022__crop_center_0.75.jpg,geometric,center_crop,fraction=0.75
base\ILSVRC2012_val_00000022.JPEG,rotate_p2\ILSVRC2012_val_00000022__rotate_+2.jpg,geometric,rotate,degrees=+2
base\ILSVRC2012_val_00000022.JPEG,rotate_n2\ILSVRC2012_val_00000022__rotate_-2.jpg,geometric,rotate,degrees=-2
base\ILSVRC2012_val_00000022.JPEG,format_png\ILSVRC2012_val_00000022__format_png.png,format,convert_png,format=PNG
base\ILSVRC2012_val_00000023.JPEG,brightness_0p85\ILSVRC2012_val_00000023__brightness_0.85.jpg,photometric,brightness,factor=0.85
base\ILSVRC2012_val_00000023.JPEG,brightness_1p15\ILSVRC2012_val_00000023__brightness_1.15.jpg,photometric,brightness,factor=1.15
base\ILSVRC2012_val_00000023.JPEG,contrast_0p85\ILSVRC2012_val_00000023__contrast_0.85.jpg,photometric,contrast,factor=0.85
base\ILSVRC2012_val_00000023.JPEG,contrast_1p15\ILSVRC2012_val_00000023__contrast_1.15.jpg,photometric,contrast,factor=1.15
base\ILSVRC2012_val_00000023.JPEG,colourshift_r_p20\ILSVRC2012_val_00000023__colourshift_r_p20.jpg,photometric,colour_shift,"channel=r,delta=+20"
base\ILSVRC2012_val_00000023.JPEG,colourshift_g_p20\ILSVRC2012_val_00000023__colourshift_g_p20.jpg,photometric,colour_shift,"channel=g,delta=+20"
base\ILSVRC2012_val_00000023.JPEG,colourshift_b_p20\ILSVRC2012_val_00000023__colourshift_b_p20.jpg,photometric,colour_shift,"channel=b,delta=+20"
base\ILSVRC2012_val_00000023.JPEG,jpeg_q90\ILSVRC2012_val_00000023__jpeg_q90.jpg,compression,jpeg_recompress,quality=90
base\ILSVRC2012_val_00000023.JPEG,jpeg_q75\ILSVRC2012_val_00000023__jpeg_q75.jpg,compression,jpeg_recompress,quality=75
base\ILSVRC2012_val_00000023.JPEG,jpeg_q60\ILSVRC2012_val_00000023__jpeg_q60.jpg,compression,jpeg_recompress,quality=60
base\ILSVRC2012_val_00000023.JPEG,resize_0p75\ILSVRC2012_val_00000023__resize_0.75.jpg,geometric,resize,factor=0.75
base\ILSVRC2012_val_00000023.JPEG,resize_0p5\ILSVRC2012_val_00000023__resize_0.50.jpg,geometric,resize,factor=0.50
base\ILSVRC2012_val_00000023.JPEG,crop_center_0p9\ILSVRC2012_val_00000023__crop_center_0.90.jpg,geometric,center_crop,fraction=0.90
base\ILSVRC2012_val_00000023.JPEG,crop_center_0p75\ILSVRC2012_val_00000023__crop_center_0.75.jpg,geometric,center_crop,fraction=0.75
base\ILSVRC2012_val_00000023.JPEG,rotate_p2\ILSVRC2012_val_00000023__rotate_+2.jpg,geometric,rotate,degrees=+2
base\ILSVRC2012_val_00000023.JPEG,rotate_n2\ILSVRC2012_val_00000023__rotate_-2.jpg,geometric,rotate,degrees=-2
base\ILSVRC2012_val_00000023.JPEG,format_png\ILSVRC2012_val_00000023__format_png.png,format,convert_png,format=PNG
base\ILSVRC2012_val_00000024.JPEG,brightness_0p85\ILSVRC2012_val_00000024__brightness_0.85.jpg,photometric,brightness,factor=0.85
base\ILSVRC2012_val_00000024.JPEG,brightness_1p15\ILSVRC2012_val_00000024__brightness_1.15.jpg,photometric,brightness,factor=1.15
base\ILSVRC2012_val_00000024.JPEG,contrast_0p85\ILSVRC2012_val_00000024__contrast_0.85.jpg,photometric,contrast,factor=0.85
base\ILSVRC2012_val_00000024.JPEG,contrast_1p15\ILSVRC2012_val_00000024__contrast_1.15.jpg,photometric,contrast,factor=1.15
base\ILSVRC2012_val_00000024.JPEG,colourshift_r_p20\ILSVRC2012_val_00000024__colourshift_r_p20.jpg,photometric,colour_shift,"channel=r,delta=+20"
base\ILSVRC2012_val_00000024.JPEG,colourshift_g_p20\ILSVRC2012_val_00000024__colourshift_g_p20.jpg,photometric,colour_shift,"channel=g,delta=+20"
base\ILSVRC2012_val_00000024.JPEG,colourshift_b_p20\ILSVRC2012_val_00000024__colourshift_b_p20.jpg,photometric,colour_shift,"channel=b,delta=+20"
base\ILSVRC2012_val_00000024.JPEG,jpeg_q90\ILSVRC2012_val_00000024__jpeg_q90.jpg,compression,jpeg_recompress,quality=90
base\ILSVRC2012_val_00000024.JPEG,jpeg_q75\ILSVRC2012_val_00000024__jpeg_q75.jpg,compression,jpeg_recompress,quality=75
base\ILSVRC2012_val_00000024.JPEG,jpeg_q60\ILSVRC2012_val_00000024__jpeg_q60.jpg,compression,jpeg_recompress,quality=60
base\ILSVRC2012_val_00000024.JPEG,resize_0p75\ILSVRC2012_val_00000024__resize_0.75.jpg,geometric,resize,factor=0.75
base\ILSVRC2012_val_00000024.JPEG,resize_0p5\ILSVRC2012_val_00000024__resize_0.50.jpg,geometric,resize,factor=0.50
base\ILSVRC2012_val_00000024.JPEG,crop_center_0p9\ILSVRC2012_val_00000024__crop_center_0.90.jpg,geometric,center_crop,fraction=0.90
base\ILSVRC2012_val_00000024.JPEG,crop_center_0p75\ILSVRC2012_val_00000024__crop_center_0.75.jpg,geometric,center_crop,fraction=0.75
base\ILSVRC2012_val_00000024.JPEG,rotate_p2\ILSVRC2012_val_00000024__rotate_+2.jpg,geometric,rotate,degrees=+2
base\ILSVRC2012_val_00000024.JPEG,rotate_n2\ILSVRC2012_val_00000024__rotate_-2.jpg,geometric,rotate,degrees=-2
base\ILSVRC2012_val_00000024.JPEG,format_png\ILSVRC2012_val_00000024__format_png.png,format,convert_png,format=PNG
base\ILSVRC2012_val_00000025.JPEG,brightness_0p85\ILSVRC2012_val_00000025__brightness_0.85.jpg,photometric,brightness,factor=0.85
base\ILSVRC2012_val_00000025.JPEG,brightness_1p15\ILSVRC2012_val_00000025__brightness_1.15.jpg,photometric,brightness,factor=1.15
base\ILSVRC2012_val_00000025.JPEG,contrast_0p85\ILSVRC2012_val_00000025__contrast_0.85.jpg,photometric,contrast,factor=0.85
base\ILSVRC2012_val_00000025.JPEG,contrast_1p15\ILSVRC2012_val_00000025__contrast_1.15.jpg,photometric,contrast,factor=1.15
base\ILSVRC2012_val_00000025.JPEG,colourshift_r_p20\ILSVRC2012_val_00000025__colourshift_r_p20.jpg,photometric,colour_shift,"channel=r,delta=+20"
base\ILSVRC2012_val_00000025.JPEG,colourshift_g_p20\ILSVRC2012_val_00000025__colourshift_g_p20.jpg,photometric,colour_shift,"channel=g,delta=+20"
base\ILSVRC2012_val_00000025.JPEG,colourshift_b_p20\ILSVRC2012_val_00000025__colourshift_b_p20.jpg,photometric,colour_shift,"channel=b,delta=+20"
base\ILSVRC2012_val_00000025.JPEG,jpeg_q90\ILSVRC2012_val_00000025__jpeg_q90.jpg,compression,jpeg_recompress,quality=90
base\ILSVRC2012_val_00000025.JPEG,jpeg_q75\ILSVRC2012_val_00000025__jpeg_q75.jpg,compression,jpeg_recompress,quality=75
base\ILSVRC2012_val_00000025.JPEG,jpeg_q60\ILSVRC2012_val_00000025__jpeg_q60.jpg,compression,jpeg_recompress,quality=60
base\ILSVRC2012_val_00000025.JPEG,resize_0p75\ILSVRC2012_val_00000025__resize_0.75.jpg,geometric,resize,factor=0.75
base\ILSVRC2012_val_00000025.JPEG,resize_0p5\ILSVRC2012_val_00000025__resize_0.50.jpg,geometric,resize,factor=0.50
base\ILSVRC2012_val_00000025.JPEG,crop_center_0p9\ILSVRC2012_val_00000025__crop_center_0.90.jpg,geometric,center_crop,fraction=0.90
base\ILSVRC2012_val_00000025.JPEG,crop_center_0p75\ILSVRC2012_val_00000025__crop_center_0.75.jpg,geometric,center_crop,fraction=0.75
base\ILSVRC2012_val_00000025.JPEG,rotate_p2\ILSVRC2012_val_00000025__rotate_+2.jpg,geometric,rotate,degrees=+2
base\ILSVRC2012_val_00000025.JPEG,rotate_n2\ILSVRC2012_val_00000025__rotate_-2.jpg,geometric,rotate,degrees=-2
base\ILSVRC2012_val_00000025.JPEG,format_png\ILSVRC2012_val_00000025__format_png.png,format,convert_png,format=PNG
base\ILSVRC2012_val_00000026.JPEG,brightness_0p85\ILSVRC2012_val_00000026__brightness_0.85.jpg,photometric,brightness,factor=0.85
base\ILSVRC2012_val_00000026.JPEG,brightness_1p15\ILSVRC2012_val_00000026__brightness_1.15.jpg,photometric,brightness,factor=1.15
base\ILSVRC2012_val_00000026.JPEG,contrast_0p85\ILSVRC2012_val_00000026__contrast_0.85.jpg,photometric,contrast,factor=0.85
base\ILSVRC2012_val_00000026.JPEG,contrast_1p15\ILSVRC2012_val_00000026__contrast_1.15.jpg,photometric,contrast,factor=1.15
base\ILSVRC2012_val_00000026.JPEG,colourshift_r_p20\ILSVRC2012_val_00000026__colourshift_r_p20.jpg,photometric,colour_shift,"channel=r,delta=+20"
base\ILSVRC2012_val_00000026.JPEG,colourshift_g_p20\ILSVRC2012_val_00000026__colourshift_g_p20.jpg,photometric,colour_shift,"channel=g,delta=+20"
base\ILSVRC2012_val_00000026.JPEG,colourshift_b_p20\ILSVRC2012_val_00000026__colourshift_b_p20.jpg,photometric,colour_shift,"channel=b,delta=+20"
base\ILSVRC2012_val_00000026.JPEG,jpeg_q90\ILSVRC2012_val_00000026__jpeg_q90.jpg,compression,jpeg_recompress,quality=90
base\ILSVRC2012_val_00000026.JPEG,jpeg_q75\ILSVRC2012_val_00000026__jpeg_q75.jpg,compression,jpeg_recompress,quality=75
base\ILSVRC2012_val_00000026.JPEG,jpeg_q60\ILSVRC2012_val_00000026__jpeg_q60.jpg,compression,jpeg_recompress,quality=60
base\ILSVRC2012_val_00000026.JPEG,resize_0p75\ILSVRC2012_val_00000026__resize_0.75.jpg,geometric,resize,factor=0.75
base\ILSVRC2012_val_00000026.JPEG,resize_0p5\ILSVRC2012_val_00000026__resize_0.50.jpg,geometric,resize,factor=0.50
base\ILSVRC2012_val_00000026.JPEG,crop_center_0p9\ILSVRC2012_val_00000026__crop_center_0.90.jpg,geometric,center_crop,fraction=0.90
base\ILSVRC2012_val_00000026.JPEG,crop_center_0p75\ILSVRC2012_val_00000026__crop_center_0.75.jpg,geometric,center_crop,fraction=0.75
base\ILSVRC2012_val_00000026.JPEG,rotate_p2\ILSVRC2012_val_00000026__rotate_+2.jpg,geometric,rotate,degrees=+2
base\ILSVRC2012_val_00000026.JPEG,rotate_n2\ILSVRC2012_val_00000026__rotate_-2.jpg,geometric,rotate,degrees=-2
base\ILSVRC2012_val_00000026.JPEG,format_png\ILSVRC2012_val_00000026__format_png.png,format,convert_png,format=PNG
base\ILSVRC2012_val_00000027.JPEG,brightness_0p85\ILSVRC2012_val_00000027__brightness_0.85.jpg,photometric,brightness,factor=0.85
base\ILSVRC2012_val_00000027.JPEG,brightness_1p15\ILSVRC2012_val_00000027__brightness_1.15.jpg,photometric,brightness,factor=1.15
base\ILSVRC2012_val_00000027.JPEG,contrast_0p85\ILSVRC2012_val_00000027__contrast_0.85.jpg,photometric,contrast,factor=0.85
base\ILSVRC2012_val_00000027.JPEG,contrast_1p15\ILSVRC2012_val_00000027__contrast_1.15.jpg,photometric,contrast,factor=1.15
base\ILSVRC2012_val_00000027.JPEG,colourshift_r_p20\ILSVRC2012_val_00000027__colourshift_r_p20.jpg,photometric,colour_shift,"channel=r,delta=+20"
base\ILSVRC2012_val_00000027.JPEG,colourshift_g_p20\ILSVRC2012_val_00000027__colourshift_g_p20.jpg,photometric,colour_shift,"channel=g,delta=+20"
base\ILSVRC2012_val_00000027.JPEG,colourshift_b_p20\ILSVRC2012_val_00000027__colourshift_b_p20.jpg,photometric,colour_shift,"channel=b,delta=+20"
base\ILSVRC2012_val_00000027.JPEG,jpeg_q90\ILSVRC2012_val_00000027__jpeg_q90.jpg,compression,jpeg_recompress,quality=90
base\ILSVRC2012_val_00000027.JPEG,jpeg_q75\ILSVRC2012_val_00000027__jpeg_q75.jpg,compression,jpeg_recompress,quality=75
base\ILSVRC2012_val_00000027.JPEG,jpeg_q60\ILSVRC2012_val_00000027__jpeg_q60.jpg,compression,jpeg_recompress,quality=60
base\ILSVRC2012_val_00000027.JPEG,resize_0p75\ILSVRC2012_val_00000027__resize_0.75.jpg,geometric,resize,factor=0.75
base\ILSVRC2012_val_00000027.JPEG,resize_0p5\ILSVRC2012_val_00000027__resize_0.50.jpg,geometric,resize,factor=0.50
base\ILSVRC2012_val_00000027.JPEG,crop_center_0p9\ILSVRC2012_val_00000027__crop_center_0.90.jpg,geometric,center_crop,fraction=0.90
base\ILSVRC2012_val_00000027.JPEG,crop_center_0p75\ILSVRC2012_val_00000027__crop_center_0.75.jpg,geometric,center_crop,fraction=0.75
base\ILSVRC2012_val_00000027.JPEG,rotate_p2\ILSVRC2012_val_00000027__rotate_+2.jpg,geometric,rotate,degrees=+2
base\ILSVRC2012_val_00000027.JPEG,rotate_n2\ILSVRC2012_val_00000027__rotate_-2.jpg,geometric,rotate,degrees=-2
base\ILSVRC2012_val_00000027.JPEG,format_png\ILSVRC2012_val_00000027__format_png.png,format,convert_png,format=PNG
base\ILSVRC2012_val_00000028.JPEG,brightness_0p85\ILSVRC2012_val_00000028__brightness_0.85.jpg,photometric,brightness,factor=0.85
base\ILSVRC2012_val_00000028.JPEG,brightness_1p15\ILSVRC2012_val_00000028__brightness_1.15.jpg,photometric,brightness,factor=1.15
base\ILSVRC2012_val_00000028.JPEG,contrast_0p85\ILSVRC2012_val_00000028__contrast_0.85.jpg,photometric,contrast,factor=0.85
base\ILSVRC2012_val_00000028.JPEG,contrast_1p15\ILSVRC2012_val_00000028__contrast_1.15.jpg,photometric,contrast,factor=1.15
base\ILSVRC2012_val_00000028.JPEG,colourshift_r_p20\ILSVRC2012_val_00000028__colourshift_r_p20.jpg,photometric,colour_shift,"channel=r,delta=+20"
base\ILSVRC2012_val_00000028.JPEG,colourshift_g_p20\ILSVRC2012_val_00000028__colourshift_g_p20.jpg,photometric,colour_shift,"channel=g,delta=+20"
base\ILSVRC2012_val_00000028.JPEG,colourshift_b_p20\ILSVRC2012_val_00000028__colourshift_b_p20.jpg,photometric,colour_shift,"channel=b,delta=+20"
base\ILSVRC2012_val_00000028.JPEG,jpeg_q90\ILSVRC2012_val_00000028__jpeg_q90.jpg,compression,jpeg_recompress,quality=90
base\ILSVRC2012_val_00000028.JPEG,jpeg_q75\ILSVRC2012_val_00000028__jpeg_q75.jpg,compression,jpeg_recompress,quality=75
base\ILSVRC2012_val_00000028.JPEG,jpeg_q60\ILSVRC2012_val_00000028__jpeg_q60.jpg,compression,jpeg_recompress,quality=60
base\ILSVRC2012_val_00000028.JPEG,resize_0p75\ILSVRC2012_val_00000028__resize_0.75.jpg,geometric,resize,factor=0.75
base\ILSVRC2012_val_00000028.JPEG,resize_0p5\ILSVRC2012_val_00000028__resize_0.50.jpg,geometric,resize,factor=0.50
base\ILSVRC2012_val_00000028.JPEG,crop_center_0p9\ILSVRC2012_val_00000028__crop_center_0.90.jpg,geometric,center_crop,fraction=0.90
base\ILSVRC2012_val_00000028.JPEG,crop_center_0p75\ILSVRC2012_val_00000028__crop_center_0.75.jpg,geometric,center_crop,fraction=0.75
base\ILSVRC2012_val_00000028.JPEG,rotate_p2\ILSVRC2012_val_00000028__rotate_+2.jpg,geometric,rotate,degrees=+2
base\ILSVRC2012_val_00000028.JPEG,rotate_n2\ILSVRC2012_val_00000028__rotate_-2.jpg,geometric,rotate,degrees=-2
base\ILSVRC2012_val_00000028.JPEG,format_png\ILSVRC2012_val_00000028__format_png.png,format,convert_png,format=PNG
base\ILSVRC2012_val_00000029.JPEG,brightness_0p85\ILSVRC2012_val_00000029__brightness_0.85.jpg,photometric,brightness,factor=0.85
base\ILSVRC2012_val_00000029.JPEG,brightness_1p15\ILSVRC2012_val_00000029__brightness_1.15.jpg,photometric,brightness,factor=1.15
base\ILSVRC2012_val_00000029.JPEG,contrast_0p85\ILSVRC2012_val_00000029__contrast_0.85.jpg,photometric,contrast,factor=0.85
base\ILSVRC2012_val_00000029.JPEG,contrast_1p15\ILSVRC2012_val_00000029__contrast_1.15.jpg,photometric,contrast,factor=1.15
base\ILSVRC2012_val_00000029.JPEG,colourshift_r_p20\ILSVRC2012_val_00000029__colourshift_r_p20.jpg,photometric,colour_shift,"channel=r,delta=+20"
base\ILSVRC2012_val_00000029.JPEG,colourshift_g_p20\ILSVRC2012_val_00000029__colourshift_g_p20.jpg,photometric,colour_shift,"channel=g,delta=+20"
base\ILSVRC2012_val_00000029.JPEG,colourshift_b_p20\ILSVRC2012_val_00000029__colourshift_b_p20.jpg,photometric,colour_shift,"channel=b,delta=+20"
base\ILSVRC2012_val_00000029.JPEG,jpeg_q90\ILSVRC2012_val_00000029__jpeg_q90.jpg,compression,jpeg_recompress,quality=90
base\ILSVRC2012_val_00000029.JPEG,jpeg_q75\ILSVRC2012_val_00000029__jpeg_q75.jpg,compression,jpeg_recompress,quality=75
base\ILSVRC2012_val_00000029.JPEG,jpeg_q60\ILSVRC2012_val_00000029__jpeg_q60.jpg,compression,jpeg_recompress,quality=60
base\ILSVRC2012_val_00000029.JPEG,resize_0p75\ILSVRC2012_val_00000029__resize_0.75.jpg,geometric,resize,factor=0.75
base\ILSVRC2012_val_00000029.JPEG,resize_0p5\ILSVRC2012_val_00000029__resize_0.50.jpg,geometric,resize,factor=0.50
base\ILSVRC2012_val_00000029.JPEG,crop_center_0p9\ILSVRC2012_val_00000029__crop_center_0.90.jpg,geometric,center_crop,fraction=0.90
base\ILSVRC2012_val_00000029.JPEG,crop_center_0p75\ILSVRC2012_val_00000029__crop_center_0.75.jpg,geometric,center_crop,fraction=0.75
base\ILSVRC2012_val_00000029.JPEG,rotate_p2\ILSVRC2012_val_00000029__rotate_+2.jpg,geometric,rotate,degrees=+2
base\ILSVRC2012_val_00000029.JPEG,rotate_n2\ILSVRC2012_val_00000029__rotate_-2.jpg,geometric,rotate,degrees=-2
base\ILSVRC2012_val_00000029.JPEG,format_png\ILSVRC2012_val_00000029__format_png.png,format,convert_png,format=PNG
base\ILSVRC2012_val_00000030.JPEG,brightness_0p85\ILSVRC2012_val_00000030__brightness_0.85.jpg,photometric,brightness,factor=0.85
base\ILSVRC2012_val_00000030.JPEG,brightness_1p15\ILSVRC2012_val_00000030__brightness_1.15.jpg,photometric,brightness,factor=1.15
base\ILSVRC2012_val_00000030.JPEG,contrast_0p85\ILSVRC2012_val_00000030__contrast_0.85.jpg,photometric,contrast,factor=0.85
base\ILSVRC2012_val_00000030.JPEG,contrast_1p15\ILSVRC2012_val_00000030__contrast_1.15.jpg,photometric,contrast,factor=1.15
base\ILSVRC2012_val_00000030.JPEG,colourshift_r_p20\ILSVRC2012_val_00000030__colourshift_r_p20.jpg,photometric,colour_shift,"channel=r,delta=+20"
base\ILSVRC2012_val_00000030.JPEG,colourshift_g_p20\ILSVRC2012_val_00000030__colourshift_g_p20.jpg,photometric,colour_shift,"channel=g,delta=+20"
base\ILSVRC2012_val_00000030.JPEG,colourshift_b_p20\ILSVRC2012_val_00000030__colourshift_b_p20.jpg,photometric,colour_shift,"channel=b,delta=+20"
base\ILSVRC2012_val_00000030.JPEG,jpeg_q90\ILSVRC2012_val_00000030__jpeg_q90.jpg,compression,jpeg_recompress,quality=90
base\ILSVRC2012_val_00000030.JPEG,jpeg_q75\ILSVRC2012_val_00000030__jpeg_q75.jpg,compression,jpeg_recompress,quality=75
base\ILSVRC2012_val_00000030.JPEG,jpeg_q60\ILSVRC2012_val_00000030__jpeg_q60.jpg,compression,jpeg_recompress,quality=60
base\ILSVRC2012_val_00000030.JPEG,resize_0p75\ILSVRC2012_val_00000030__resize_0.75.jpg,geometric,resize,factor=0.75
base\ILSVRC2012_val_00000030.JPEG,resize_0p5\ILSVRC2012_val_00000030__resize_0.50.jpg,geometric,resize,factor=0.50
base\ILSVRC2012_val_00000030.JPEG,crop_center_0p9\ILSVRC2012_val_00000030__crop_center_0.90.jpg,geometric,center_crop,fraction=0.90
base\ILSVRC2012_val_00000030.JPEG,crop_center_0p75\ILSVRC2012_val_00000030__crop_center_0.75.jpg,geometric,center_crop,fraction=0.75
base\ILSVRC2012_val_00000030.JPEG,rotate_p2\ILSVRC2012_val_00000030__rotate_+2.jpg,geometric,rotate,degrees=+2
base\ILSVRC2012_val_00000030.JPEG,rotate_n2\ILSVRC2012_val_00000030__rotate_-2.jpg,geometric,rotate,degrees=-2
base\ILSVRC2012_val_00000030.JPEG,format_png\ILSVRC2012_val_00000030__format_png.png,format,convert_png,format=PNG
base\ILSVRC2012_val_00000031.JPEG,brightness_0p85\ILSVRC2012_val_00000031__brightness_0.85.jpg,photometric,brightness,factor=0.85
base\ILSVRC2012_val_00000031.JPEG,brightness_1p15\ILSVRC2012_val_00000031__brightness_1.15.jpg,photometric,brightness,factor=1.15
base\ILSVRC2012_val_00000031.JPEG,contrast_0p85\ILSVRC2012_val_00000031__contrast_0.85.jpg,photometric,contrast,factor=0.85
base\ILSVRC2012_val_00000031.JPEG,contrast_1p15\ILSVRC2012_val_00000031__contrast_1.15.jpg,photometric,contrast,factor=1.15
base\ILSVRC2012_val_00000031.JPEG,colourshift_r_p20\ILSVRC2012_val_00000031__colourshift_r_p20.jpg,photometric,colour_shift,"channel=r,delta=+20"
base\ILSVRC2012_val_00000031.JPEG,colourshift_g_p20\ILSVRC2012_val_00000031__colourshift_g_p20.jpg,photometric,colour_shift,"channel=g,delta=+20"
base\ILSVRC2012_val_00000031.JPEG,colourshift_b_p20\ILSVRC2012_val_00000031__colourshift_b_p20.jpg,photometric,colour_shift,"channel=b,delta=+20"
base\ILSVRC2012_val_00000031.JPEG,jpeg_q90\ILSVRC2012_val_00000031__jpeg_q90.jpg,compression,jpeg_recompress,quality=90
base\ILSVRC2012_val_00000031.JPEG,jpeg_q75\ILSVRC2012_val_00000031__jpeg_q75.jpg,compression,jpeg_recompress,quality=75
base\ILSVRC2012_val_00000031.JPEG,jpeg_q60\ILSVRC2012_val_00000031__jpeg_q60.jpg,compression,jpeg_recompress,quality=60
base\ILSVRC2012_val_00000031.JPEG,resize_0p75\ILSVRC2012_val_00000031__resize_0.75.jpg,geometric,resize,factor=0.75
base\ILSVRC2012_val_00000031.JPEG,resize_0p5\ILSVRC2012_val_00000031__resize_0.50.jpg,geometric,resize,factor=0.50
base\ILSVRC2012_val_00000031.JPEG,crop_center_0p9\ILSVRC2012_val_00000031__crop_center_0.90.jpg,geometric,center_crop,fraction=0.90
base\ILSVRC2012_val_00000031.JPEG,crop_center_0p75\ILSVRC2012_val_00000031__crop_center_0.75.jpg,geometric,center_crop,fraction=0.75
base\ILSVRC2012_val_00000031.JPEG,rotate_p2\ILSVRC2012_val_00000031__rotate_+2.jpg,geometric,rotate,degrees=+2
base\ILSVRC2012_val_00000031.JPEG,rotate_n2\ILSVRC2012_val_00000031__rotate_-2.jpg,geometric,rotate,degrees=-2
base\ILSVRC2012_val_00000031.JPEG,format_png\ILSVRC2012_val_00000031__format_png.png,format,convert_png,format=PNG
base\ILSVRC2012_val_00000032.JPEG,brightness_0p85\ILSVRC2012_val_00000032__brightness_0.85.jpg,photometric,brightness,factor=0.85
base\ILSVRC2012_val_00000032.JPEG,brightness_1p15\ILSVRC2012_val_00000032__brightness_1.15.jpg,photometric,brightness,factor=1.15
base\ILSVRC2012_val_00000032.JPEG,contrast_0p85\ILSVRC2012_val_00000032__contrast_0.85.jpg,photometric,contrast,factor=0.85
base\ILSVRC2012_val_00000032.JPEG,contrast_1p15\ILSVRC2012_val_00000032__contrast_1.15.jpg,photometric,contrast,factor=1.15
base\ILSVRC2012_val_00000032.JPEG,colourshift_r_p20\ILSVRC2012_val_00000032__colourshift_r_p20.jpg,photometric,colour_shift,"channel=r,delta=+20"
base\ILSVRC2012_val_00000032.JPEG,colourshift_g_p20\ILSVRC2012_val_00000032__colourshift_g_p20.jpg,photometric,colour_shift,"channel=g,delta=+20"
base\ILSVRC2012_val_00000032.JPEG,colourshift_b_p20\ILSVRC2012_val_00000032__colourshift_b_p20.jpg,photometric,colour_shift,"channel=b,delta=+20"
base\ILSVRC2012_val_00000032.JPEG,jpeg_q90\ILSVRC2012_val_00000032__jpeg_q90.jpg,compression,jpeg_recompress,quality=90
base\ILSVRC2012_val_00000032.JPEG,jpeg_q75\ILSVRC2012_val_00000032__jpeg_q75.jpg,compression,jpeg_recompress,quality=75
base\ILSVRC2012_val_00000032.JPEG,jpeg_q60\ILSVRC2012_val_00000032__jpeg_q60.jpg,compression,jpeg_recompress,quality=60
base\ILSVRC2012_val_00000032.JPEG,resize_0p75\ILSVRC2012_val_00000032__resize_0.75.jpg,geometric,resize,factor=0.75
base\ILSVRC2012_val_00000032.JPEG,resize_0p5\ILSVRC2012_val_00000032__resize_0.50.jpg,geometric,resize,factor=0.50
base\ILSVRC2012_val_00000032.JPEG,crop_center_0p9\ILSVRC2012_val_00000032__crop_center_0.90.jpg,geometric,center_crop,fraction=0.90
base\ILSVRC2012_val_00000032.JPEG,crop_center_0p75\ILSVRC2012_val_00000032__crop_center_0.75.jpg,geometric,center_crop,fraction=0.75
base\ILSVRC2012_val_00000032.JPEG,rotate_p2\ILSVRC2012_val_00000032__rotate_+2.jpg,geometric,rotate,degrees=+2
base\ILSVRC2012_val_00000032.JPEG,rotate_n2\ILSVRC2012_val_00000032__rotate_-2.jpg,geometric,rotate,degrees=-2
base\ILSVRC2012_val_00000032.JPEG,format_png\ILSVRC2012_val_00000032__format_png.png,format,convert_png,format=PNG
base\ILSVRC2012_val_00000033.JPEG,brightness_0p85\ILSVRC2012_val_00000033__brightness_0.85.jpg,photometric,brightness,factor=0.85
base\ILSVRC2012_val_00000033.JPEG,brightness_1p15\ILSVRC2012_val_00000033__brightness_1.15.jpg,photometric,brightness,factor=1.15
base\ILSVRC2012_val_00000033.JPEG,contrast_0p85\ILSVRC2012_val_00000033__contrast_0.85.jpg,photometric,contrast,factor=0.85
base\ILSVRC2012_val_00000033.JPEG,contrast_1p15\ILSVRC2012_val_00000033__contrast_1.15.jpg,photometric,contrast,factor=1.15
base\ILSVRC2012_val_00000033.JPEG,colourshift_r_p20\ILSVRC2012_val_00000033__colourshift_r_p20.jpg,photometric,colour_shift,"channel=r,delta=+20"
base\ILSVRC2012_val_00000033.JPEG,colourshift_g_p20\ILSVRC2012_val_00000033__colourshift_g_p20.jpg,photometric,colour_shift,"channel=g,delta=+20"
base\ILSVRC2012_val_00000033.JPEG,colourshift_b_p20\ILSVRC2012_val_00000033__colourshift_b_p20.jpg,photometric,colour_shift,"channel=b,delta=+20"
base\ILSVRC2012_val_00000033.JPEG,jpeg_q90\ILSVRC2012_val_00000033__jpeg_q90.jpg,compression,jpeg_recompress,quality=90
base\ILSVRC2012_val_00000033.JPEG,jpeg_q75\ILSVRC2012_val_00000033__jpeg_q75.jpg,compression,jpeg_recompress,quality=75
base\ILSVRC2012_val_00000033.JPEG,jpeg_q60\ILSVRC2012_val_00000033__jpeg_q60.jpg,compression,jpeg_recompress,quality=60
base\ILSVRC2012_val_00000033.JPEG,resize_0p75\ILSVRC2012_val_00000033__resize_0.75.jpg,geometric,resize,factor=0.75
base\ILSVRC2012_val_00000033.JPEG,resize_0p5\ILSVRC2012_val_00000033__resize_0.50.jpg,geometric,resize,factor=0.50
base\ILSVRC2012_val_00000033.JPEG,crop_center_0p9\ILSVRC2012_val_00000033__crop_center_0.90.jpg,geometric,center_crop,fraction=0.90
base\ILSVRC2012_val_00000033.JPEG,crop_center_0p75\ILSVRC2012_val_00000033__crop_center_0.75.jpg,geometric,center_crop,fraction=0.75
base\ILSVRC2012_val_00000033.JPEG,rotate_p2\ILSVRC2012_val_00000033__rotate_+2.jpg,geometric,rotate,degrees=+2
base\ILSVRC2012_val_00000033.JPEG,rotate_n2\ILSVRC2012_val_00000033__rotate_-2.jpg,geometric,rotate,degrees=-2
base\ILSVRC2012_val_00000033.JPEG,format_png\ILSVRC2012_val_00000033__format_png.png,format,convert_png,format=PNG
base\ILSVRC2012_val_00000034.JPEG,brightness_0p85\ILSVRC2012_val_00000034__brightness_0.85.jpg,photometric,brightness,factor=0.85
base\ILSVRC2012_val_00000034.JPEG,brightness_1p15\ILSVRC2012_val_00000034__brightness_1.15.jpg,photometric,brightness,factor=1.15
base\ILSVRC2012_val_00000034.JPEG,contrast_0p85\ILSVRC2012_val_00000034__contrast_0.85.jpg,photometric,contrast,factor=0.85
base\ILSVRC2012_val_00000034.JPEG,contrast_1p15\ILSVRC2012_val_00000034__contrast_1.15.jpg,photometric,contrast,factor=1.15
base\ILSVRC2012_val_00000034.JPEG,colourshift_r_p20\ILSVRC2012_val_00000034__colourshift_r_p20.jpg,photometric,colour_shift,"channel=r,delta=+20"
base\ILSVRC2012_val_00000034.JPEG,colourshift_g_p20\ILSVRC2012_val_00000034__colourshift_g_p20.jpg,photometric,colour_shift,"channel=g,delta=+20"
base\ILSVRC2012_val_00000034.JPEG,colourshift_b_p20\ILSVRC2012_val_00000034__colourshift_b_p20.jpg,photometric,colour_shift,"channel=b,delta=+20"
base\ILSVRC2012_val_00000034.JPEG,jpeg_q90\ILSVRC2012_val_00000034__jpeg_q90.jpg,compression,jpeg_recompress,quality=90
base\ILSVRC2012_val_00000034.JPEG,jpeg_q75\ILSVRC2012_val_00000034__jpeg_q75.jpg,compression,jpeg_recompress,quality=75
base\ILSVRC2012_val_00000034.JPEG,jpeg_q60\ILSVRC2012_val_00000034__jpeg_q60.jpg,compression,jpeg_recompress,quality=60
base\ILSVRC2012_val_00000034.JPEG,resize_0p75\ILSVRC2012_val_00000034__resize_0.75.jpg,geometric,resize,factor=0.75
base\ILSVRC2012_val_00000034.JPEG,resize_0p5\ILSVRC2012_val_00000034__resize_0.50.jpg,geometric,resize,factor=0.50
base\ILSVRC2012_val_00000034.JPEG,crop_center_0p9\ILSVRC2012_val_00000034__crop_center_0.90.jpg,geometric,center_crop,fraction=0.90
base\ILSVRC2012_val_00000034.JPEG,crop_center_0p75\ILSVRC2012_val_00000034__crop_center_0.75.jpg,geometric,center_crop,fraction=0.75
base\ILSVRC2012_val_00000034.JPEG,rotate_p2\ILSVRC2012_val_00000034__rotate_+2.jpg,geometric,rotate,degrees=+2
base\ILSVRC2012_val_00000034.JPEG,rotate_n2\ILSVRC2012_val_00000034__rotate_-2.jpg,geometric,rotate,degrees=-2
base\ILSVRC2012_val_00000034.JPEG,format_png\ILSVRC2012_val_00000034__format_png.png,format,convert_png,format=PNG
base\ILSVRC2012_val_00000035.JPEG,brightness_0p85\ILSVRC2012_val_00000035__brightness_0.85.jpg,photometric,brightness,factor=0.85
base\ILSVRC2012_val_00000035.JPEG,brightness_1p15\ILSVRC2012_val_00000035__brightness_1.15.jpg,photometric,brightness,factor=1.15
base\ILSVRC2012_val_00000035.JPEG,contrast_0p85\ILSVRC2012_val_00000035__contrast_0.85.jpg,photometric,contrast,factor=0.85
base\ILSVRC2012_val_00000035.JPEG,contrast_1p15\ILSVRC2012_val_00000035__contrast_1.15.jpg,photometric,contrast,factor=1.15
base\ILSVRC2012_val_00000035.JPEG,colourshift_r_p20\ILSVRC2012_val_00000035__colourshift_r_p20.jpg,photometric,colour_shift,"channel=r,delta=+20"
base\ILSVRC2012_val_00000035.JPEG,colourshift_g_p20\ILSVRC2012_val_00000035__colourshift_g_p20.jpg,photometric,colour_shift,"channel=g,delta=+20"
base\ILSVRC2012_val_00000035.JPEG,colourshift_b_p20\ILSVRC2012_val_00000035__colourshift_b_p20.jpg,photometric,colour_shift,"channel=b,delta=+20"
base\ILSVRC2012_val_00000035.JPEG,jpeg_q90\ILSVRC2012_val_00000035__jpeg_q90.jpg,compression,jpeg_recompress,quality=90
base\ILSVRC2012_val_00000035.JPEG,jpeg_q75\ILSVRC2012_val_00000035__jpeg_q75.jpg,compression,jpeg_recompress,quality=75
base\ILSVRC2012_val_00000035.JPEG,jpeg_q60\ILSVRC2012_val_00000035__jpeg_q60.jpg,compression,jpeg_recompress,quality=60
base\ILSVRC2012_val_00000035.JPEG,resize_0p75\ILSVRC2012_val_00000035__resize_0.75.jpg,geometric,resize,factor=0.75
base\ILSVRC2012_val_00000035.JPEG,resize_0p5\ILSVRC2012_val_00000035__resize_0.50.jpg,geometric,resize,factor=0.50
base\ILSVRC2012_val_00000035.JPEG,crop_center_0p9\ILSVRC2012_val_00000035__crop_center_0.90.jpg,geometric,center_crop,fraction=0.90
base\ILSVRC2012_val_00000035.JPEG,crop_center_0p75\ILSVRC2012_val_00000035__crop_center_0.75.jpg,geometric,center_crop,fraction=0.75
base\ILSVRC2012_val_00000035.JPEG,rotate_p2\ILSVRC2012_val_00000035__rotate_+2.jpg,geometric,rotate,degrees=+2
base\ILSVRC2012_val_00000035.JPEG,rotate_n2\ILSVRC2012_val_00000035__rotate_-2.jpg,geometric,rotate,degrees=-2
base\ILSVRC2012_val_00000035.JPEG,format_png\ILSVRC2012_val_00000035__format_png.png,format,convert_png,format=PNG
base\ILSVRC2012_val_00000036.JPEG,brightness_0p85\ILSVRC2012_val_00000036__brightness_0.85.jpg,photometric,brightness,factor=0.85
base\ILSVRC2012_val_00000036.JPEG,brightness_1p15\ILSVRC2012_val_00000036__brightness_1.15.jpg,photometric,brightness,factor=1.15
base\ILSVRC2012_val_00000036.JPEG,contrast_0p85\ILSVRC2012_val_00000036__contrast_0.85.jpg,photometric,contrast,factor=0.85
base\ILSVRC2012_val_00000036.JPEG,contrast_1p15\ILSVRC2012_val_00000036__contrast_1.15.jpg,photometric,contrast,factor=1.15
base\ILSVRC2012_val_00000036.JPEG,colourshift_r_p20\ILSVRC2012_val_00000036__colourshift_r_p20.jpg,photometric,colour_shift,"channel=r,delta=+20"
base\ILSVRC2012_val_00000036.JPEG,colourshift_g_p20\ILSVRC2012_val_00000036__colourshift_g_p20.jpg,photometric,colour_shift,"channel=g,delta=+20"
base\ILSVRC2012_val_00000036.JPEG,colourshift_b_p20\ILSVRC2012_val_00000036__colourshift_b_p20.jpg,photometric,colour_shift,"channel=b,delta=+20"
base\ILSVRC2012_val_00000036.JPEG,jpeg_q90\ILSVRC2012_val_00000036__jpeg_q90.jpg,compression,jpeg_recompress,quality=90
base\ILSVRC2012_val_00000036.JPEG,jpeg_q75\ILSVRC2012_val_00000036__jpeg_q75.jpg,compression,jpeg_recompress,quality=75
base\ILSVRC2012_val_00000036.JPEG,jpeg_q60\ILSVRC2012_val_00000036__jpeg_q60.jpg,compression,jpeg_recompress,quality=60
base\ILSVRC2012_val_00000036.JPEG,resize_0p75\ILSVRC2012_val_00000036__resize_0.75.jpg,geometric,resize,factor=0.75
base\ILSVRC2012_val_00000036.JPEG,resize_0p5\ILSVRC2012_val_00000036__resize_0.50.jpg,geometric,resize,factor=0.50
base\ILSVRC2012_val_00000036.JPEG,crop_center_0p9\ILSVRC2012_val_00000036__crop_center_0.90.jpg,geometric,center_crop,fraction=0.90
base\ILSVRC2012_val_00000036.JPEG,crop_center_0p75\ILSVRC2012_val_00000036__crop_center_0.75.jpg,geometric,center_crop,fraction=0.75
base\ILSVRC2012_val_00000036.JPEG,rotate_p2\ILSVRC2012_val_00000036__rotate_+2.jpg,geometric,rotate,degrees=+2
base\ILSVRC2012_val_00000036.JPEG,rotate_n2\ILSVRC2012_val_00000036__rotate_-2.jpg,geometric,rotate,degrees=-2
base\ILSVRC2012_val_00000036.JPEG,format_png\ILSVRC2012_val_00000036__format_png.png,format,convert_png,format=PNG
base\ILSVRC2012_val_00000037.JPEG,brightness_0p85\ILSVRC2012_val_00000037__brightness_0.85.jpg,photometric,brightness,factor=0.85
base\ILSVRC2012_val_00000037.JPEG,brightness_1p15\ILSVRC2012_val_00000037__brightness_1.15.jpg,photometric,brightness,factor=1.15
base\ILSVRC2012_val_00000037.JPEG,contrast_0p85\ILSVRC2012_val_00000037__contrast_0.85.jpg,photometric,contrast,factor=0.85
base\ILSVRC2012_val_00000037.JPEG,contrast_1p15\ILSVRC2012_val_00000037__contrast_1.15.jpg,photometric,contrast,factor=1.15
base\ILSVRC2012_val_00000037.JPEG,colourshift_r_p20\ILSVRC2012_val_00000037__colourshift_r_p20.jpg,photometric,colour_shift,"channel=r,delta=+20"
base\ILSVRC2012_val_00000037.JPEG,colourshift_g_p20\ILSVRC2012_val_00000037__colourshift_g_p20.jpg,photometric,colour_shift,"channel=g,delta=+20"
base\ILSVRC2012_val_00000037.JPEG,colourshift_b_p20\ILSVRC2012_val_00000037__colourshift_b_p20.jpg,photometric,colour_shift,"channel=b,delta=+20"
base\ILSVRC2012_val_00000037.JPEG,jpeg_q90\ILSVRC2012_val_00000037__jpeg_q90.jpg,compression,jpeg_recompress,quality=90
base\ILSVRC2012_val_00000037.JPEG,jpeg_q75\ILSVRC2012_val_00000037__jpeg_q75.jpg,compression,jpeg_recompress,quality=75
base\ILSVRC2012_val_00000037.JPEG,jpeg_q60\ILSVRC2012_val_00000037__jpeg_q60.jpg,compression,jpeg_recompress,quality=60
base\ILSVRC2012_val_00000037.JPEG,resize_0p75\ILSVRC2012_val_00000037__resize_0.75.jpg,geometric,resize,factor=0.75
base\ILSVRC2012_val_00000037.JPEG,resize_0p5\ILSVRC2012_val_00000037__resize_0.50.jpg,geometric,resize,factor=0.50
base\ILSVRC2012_val_00000037.JPEG,crop_center_0p9\ILSVRC2012_val_00000037__crop_center_0.90.jpg,geometric,center_crop,fraction=0.90
base\ILSVRC2012_val_00000037.JPEG,crop_center_0p75\ILSVRC2012_val_00000037__crop_center_0.75.jpg,geometric,center_crop,fraction=0.75
base\ILSVRC2012_val_00000037.JPEG,rotate_p2\ILSVRC2012_val_00000037__rotate_+2.jpg,geometric,rotate,degrees=+2
base\ILSVRC2012_val_00000037.JPEG,rotate_n2\ILSVRC2012_val_00000037__rotate_-2.jpg,geometric,rotate,degrees=-2
base\ILSVRC2012_val_00000037.JPEG,format_png\ILSVRC2012_val_00000037__format_png.png,format,convert_png,format=PNG
base\ILSVRC2012_val_00000038.JPEG,brightness_0p85\ILSVRC2012_val_00000038__brightness_0.85.jpg,photometric,brightness,factor=0.85
base\ILSVRC2012_val_00000038.JPEG,brightness_1p15\ILSVRC2012_val_00000038__brightness_1.15.jpg,photometric,brightness,factor=1.15
base\ILSVRC2012_val_00000038.JPEG,contrast_0p85\ILSVRC2012_val_00000038__contrast_0.85.jpg,photometric,contrast,factor=0.85
base\ILSVRC2012_val_00000038.JPEG,contrast_1p15\ILSVRC2012_val_00000038__contrast_1.15.jpg,photometric,contrast,factor=1.15
base\ILSVRC2012_val_00000038.JPEG,colourshift_r_p20\ILSVRC2012_val_00000038__colourshift_r_p20.jpg,photometric,colour_shift,"channel=r,delta=+20"
base\ILSVRC2012_val_00000038.JPEG,colourshift_g_p20\ILSVRC2012_val_00000038__colourshift_g_p20.jpg,photometric,colour_shift,"channel=g,delta=+20"
base\ILSVRC2012_val_00000038.JPEG,colourshift_b_p20\ILSVRC2012_val_00000038__colourshift_b_p20.jpg,photometric,colour_shift,"channel=b,delta=+20"
base\ILSVRC2012_val_00000038.JPEG,jpeg_q90\ILSVRC2012_val_00000038__jpeg_q90.jpg,compression,jpeg_recompress,quality=90
base\ILSVRC2012_val_00000038.JPEG,jpeg_q75\ILSVRC2012_val_00000038__jpeg_q75.jpg,compression,jpeg_recompress,quality=75
base\ILSVRC2012_val_00000038.JPEG,jpeg_q60\ILSVRC2012_val_00000038__jpeg_q60.jpg,compression,jpeg_recompress,quality=60
base\ILSVRC2012_val_00000038.JPEG,resize_0p75\ILSVRC2012_val_00000038__resize_0.75.jpg,geometric,resize,factor=0.75
base\ILSVRC2012_val_00000038.JPEG,resize_0p5\ILSVRC2012_val_00000038__resize_0.50.jpg,geometric,resize,factor=0.50
base\ILSVRC2012_val_00000038.JPEG,crop_center_0p9\ILSVRC2012_val_00000038__crop_center_0.90.jpg,geometric,center_crop,fraction=0.90
base\ILSVRC2012_val_00000038.JPEG,crop_center_0p75\ILSVRC2012_val_00000038__crop_center_0.75.jpg,geometric,center_crop,fraction=0.75
base\ILSVRC2012_val_00000038.JPEG,rotate_p2\ILSVRC2012_val_00000038__rotate_+2.jpg,geometric,rotate,degrees=+2
base\ILSVRC2012_val_00000038.JPEG,rotate_n2\ILSVRC2012_val_00000038__rotate_-2.jpg,geometric,rotate,degrees=-2
base\ILSVRC2012_val_00000038.JPEG,format_png\ILSVRC2012_val_00000038__format_png.png,format,convert_png,format=PNG
base\ILSVRC2012_val_00000039.JPEG,brightness_0p85\ILSVRC2012_val_00000039__brightness_0.85.jpg,photometric,brightness,factor=0.85
base\ILSVRC2012_val_00000039.JPEG,brightness_1p15\ILSVRC2012_val_00000039__brightness_1.15.jpg,photometric,brightness,factor=1.15
base\ILSVRC2012_val_00000039.JPEG,contrast_0p85\ILSVRC2012_val_00000039__contrast_0.85.jpg,photometric,contrast,factor=0.85
base\ILSVRC2012_val_00000039.JPEG,contrast_1p15\ILSVRC2012_val_00000039__contrast_1.15.jpg,photometric,contrast,factor=1.15
base\ILSVRC2012_val_00000039.JPEG,colourshift_r_p20\ILSVRC2012_val_00000039__colourshift_r_p20.jpg,photometric,colour_shift,"channel=r,delta=+20"
base\ILSVRC2012_val_00000039.JPEG,colourshift_g_p20\ILSVRC2012_val_00000039__colourshift_g_p20.jpg,photometric,colour_shift,"channel=g,delta=+20"
base\ILSVRC2012_val_00000039.JPEG,colourshift_b_p20\ILSVRC2012_val_00000039__colourshift_b_p20.jpg,photometric,colour_shift,"channel=b,delta=+20"
base\ILSVRC2012_val_00000039.JPEG,jpeg_q90\ILSVRC2012_val_00000039__jpeg_q90.jpg,compression,jpeg_recompress,quality=90
base\ILSVRC2012_val_00000039.JPEG,jpeg_q75\ILSVRC2012_val_00000039__jpeg_q75.jpg,compression,jpeg_recompress,quality=75
base\ILSVRC2012_val_00000039.JPEG,jpeg_q60\ILSVRC2012_val_00000039__jpeg_q60.jpg,compression,jpeg_recompress,quality=60
base\ILSVRC2012_val_00000039.JPEG,resize_0p75\ILSVRC2012_val_00000039__resize_0.75.jpg,geometric,resize,factor=0.75
base\ILSVRC2012_val_00000039.JPEG,resize_0p5\ILSVRC2012_val_00000039__resize_0.50.jpg,geometric,resize,factor=0.50
base\ILSVRC2012_val_00000039.JPEG,crop_center_0p9\ILSVRC2012_val_00000039__crop_center_0.90.jpg,geometric,center_crop,fraction=0.90
base\ILSVRC2012_val_00000039.JPEG,crop_center_0p75\ILSVRC2012_val_00000039__crop_center_0.75.jpg,geometric,center_crop,fraction=0.75
base\ILSVRC2012_val_00000039.JPEG,rotate_p2\ILSVRC2012_val_00000039__rotate_+2.jpg,geometric,rotate,degrees=+2
base\ILSVRC2012_val_00000039.JPEG,rotate_n2\ILSVRC2012_val_00000039__rotate_-2.jpg,geometric,rotate,degrees=-2
base\ILSVRC2012_val_00000039.JPEG,format_png\ILSVRC2012_val_00000039__format_png.png,format,convert_png,format=PNG
base\ILSVRC2012_val_00000040.JPEG,brightness_0p85\ILSVRC2012_val_00000040__brightness_0.85.jpg,photometric,brightness,factor=0.85
base\ILSVRC2012_val_00000040.JPEG,brightness_1p15\ILSVRC2012_val_00000040__brightness_1.15.jpg,photometric,brightness,factor=1.15
base\ILSVRC2012_val_00000040.JPEG,contrast_0p85\ILSVRC2012_val_00000040__contrast_0.85.jpg,photometric,contrast,factor=0.85
base\ILSVRC2012_val_00000040.JPEG,contrast_1p15\ILSVRC2012_val_00000040__contrast_1.15.jpg,photometric,contrast,factor=1.15
base\ILSVRC2012_val_00000040.JPEG,colourshift_r_p20\ILSVRC2012_val_00000040__colourshift_r_p20.jpg,photometric,colour_shift,"channel=r,delta=+20"
base\ILSVRC2012_val_00000040.JPEG,colourshift_g_p20\ILSVRC2012_val_00000040__colourshift_g_p20.jpg,photometric,colour_shift,"channel=g,delta=+20"
base\ILSVRC2012_val_00000040.JPEG,colourshift_b_p20\ILSVRC2012_val_00000040__colourshift_b_p20.jpg,photometric,colour_shift,"channel=b,delta=+20"
base\ILSVRC2012_val_00000040.JPEG,jpeg_q90\ILSVRC2012_val_00000040__jpeg_q90.jpg,compression,jpeg_recompress,quality=90
base\ILSVRC2012_val_00000040.JPEG,jpeg_q75\ILSVRC2012_val_00000040__jpeg_q75.jpg,compression,jpeg_recompress,quality=75
base\ILSVRC2012_val_00000040.JPEG,jpeg_q60\ILSVRC2012_val_00000040__jpeg_q60.jpg,compression,jpeg_recompress,quality=60
base\ILSVRC2012_val_00000040.JPEG,resize_0p75\ILSVRC2012_val_00000040__resize_0.75.jpg,geometric,resize,factor=0.75
base\ILSVRC2012_val_00000040.JPEG,resize_0p5\ILSVRC2012_val_00000040__resize_0.50.jpg,geometric,resize,factor=0.50
base\ILSVRC2012_val_00000040.JPEG,crop_center_0p9\ILSVRC2012_val_00000040__crop_center_0.90.jpg,geometric,center_crop,fraction=0.90
base\ILSVRC2012_val_00000040.JPEG,crop_center_0p75\ILSVRC2012_val_00000040__crop_center_0.75.jpg,geometric,center_crop,fraction=0.75
base\ILSVRC2012_val_00000040.JPEG,rotate_p2\ILSVRC2012_val_00000040__rotate_+2.jpg,geometric,rotate,degrees=+2
base\ILSVRC2012_val_00000040.JPEG,rotate_n2\ILSVRC2012_val_00000040__rotate_-2.jpg,geometric,rotate,degrees=-2
base\ILSVRC2012_val_00000040.JPEG,format_png\ILSVRC2012_val_00000040__format_png.png,format,convert_png,format=PNG
base\ILSVRC2012_val_00000041.JPEG,brightness_0p85\ILSVRC2012_val_00000041__brightness_0.85.jpg,photometric,brightness,factor=0.85
base\ILSVRC2012_val_00000041.JPEG,brightness_1p15\ILSVRC2012_val_00000041__brightness_1.15.jpg,photometric,brightness,factor=1.15
base\ILSVRC2012_val_00000041.JPEG,contrast_0p85\ILSVRC2012_val_00000041__contrast_0.85.jpg,photometric,contrast,factor=0.85
base\ILSVRC2012_val_00000041.JPEG,contrast_1p15\ILSVRC2012_val_00000041__contrast_1.15.jpg,photometric,contrast,factor=1.15
base\ILSVRC2012_val_00000041.JPEG,colourshift_r_p20\ILSVRC2012_val_00000041__colourshift_r_p20.jpg,photometric,colour_shift,"channel=r,delta=+20"
base\ILSVRC2012_val_00000041.JPEG,colourshift_g_p20\ILSVRC2012_val_00000041__colourshift_g_p20.jpg,photometric,colour_shift,"channel=g,delta=+20"
base\ILSVRC2012_val_00000041.JPEG,colourshift_b_p20\ILSVRC2012_val_00000041__colourshift_b_p20.jpg,photometric,colour_shift,"channel=b,delta=+20"
base\ILSVRC2012_val_00000041.JPEG,jpeg_q90\ILSVRC2012_val_00000041__jpeg_q90.jpg,compression,jpeg_recompress,quality=90
base\ILSVRC2012_val_00000041.JPEG,jpeg_q75\ILSVRC2012_val_00000041__jpeg_q75.jpg,compression,jpeg_recompress,quality=75
base\ILSVRC2012_val_00000041.JPEG,jpeg_q60\ILSVRC2012_val_00000041__jpeg_q60.jpg,compression,jpeg_recompress,quality=60
base\ILSVRC2012_val_00000041.JPEG,resize_0p75\ILSVRC2012_val_00000041__resize_0.75.jpg,geometric,resize,factor=0.75
base\ILSVRC2012_val_00000041.JPEG,resize_0p5\ILSVRC2012_val_00000041__resize_0.50.jpg,geometric,resize,factor=0.50
base\ILSVRC2012_val_00000041.JPEG,crop_center_0p9\ILSVRC2012_val_00000041__crop_center_0.90.jpg,geometric,center_crop,fraction=0.90
base\ILSVRC2012_val_00000041.JPEG,crop_center_0p75\ILSVRC2012_val_00000041__crop_center_0.75.jpg,geometric,center_crop,fraction=0.75
base\ILSVRC2012_val_00000041.JPEG,rotate_p2\ILSVRC2012_val_00000041__rotate_+2.jpg,geometric,rotate,degrees=+2
base\ILSVRC2012_val_00000041.JPEG,rotate_n2\ILSVRC2012_val_00000041__rotate_-2.jpg,geometric,rotate,degrees=-2
base\ILSVRC2012_val_00000041.JPEG,format_png\ILSVRC2012_val_00000041__format_png.png,format,convert_png,format=PNG
base\ILSVRC2012_val_00000042.JPEG,brightness_0p85\ILSVRC2012_val_00000042__brightness_0.85.jpg,photometric,brightness,factor=0.85
base\ILSVRC2012_val_00000042.JPEG,brightness_1p15\ILSVRC2012_val_00000042__brightness_1.15.jpg,photometric,brightness,factor=1.15
base\ILSVRC2012_val_00000042.JPEG,contrast_0p85\ILSVRC2012_val_00000042__contrast_0.85.jpg,photometric,contrast,factor=0.85
base\ILSVRC2012_val_00000042.JPEG,contrast_1p15\ILSVRC2012_val_00000042__contrast_1.15.jpg,photometric,contrast,factor=1.15
base\ILSVRC2012_val_00000042.JPEG,colourshift_r_p20\ILSVRC2012_val_00000042__colourshift_r_p20.jpg,photometric,colour_shift,"channel=r,delta=+20"
base\ILSVRC2012_val_00000042.JPEG,colourshift_g_p20\ILSVRC2012_val_00000042__colourshift_g_p20.jpg,photometric,colour_shift,"channel=g,delta=+20"
base\ILSVRC2012_val_00000042.JPEG,colourshift_b_p20\ILSVRC2012_val_00000042__colourshift_b_p20.jpg,photometric,colour_shift,"channel=b,delta=+20"
base\ILSVRC2012_val_00000042.JPEG,jpeg_q90\ILSVRC2012_val_00000042__jpeg_q90.jpg,compression,jpeg_recompress,quality=90
base\ILSVRC2012_val_00000042.JPEG,jpeg_q75\ILSVRC2012_val_00000042__jpeg_q75.jpg,compression,jpeg_recompress,quality=75
base\ILSVRC2012_val_00000042.JPEG,jpeg_q60\ILSVRC2012_val_00000042__jpeg_q60.jpg,compression,jpeg_recompress,quality=60
base\ILSVRC2012_val_00000042.JPEG,resize_0p75\ILSVRC2012_val_00000042__resize_0.75.jpg,geometric,resize,factor=0.75
base\ILSVRC2012_val_00000042.JPEG,resize_0p5\ILSVRC2012_val_00000042__resize_0.50.jpg,geometric,resize,factor=0.50
base\ILSVRC2012_val_00000042.JPEG,crop_center_0p9\ILSVRC2012_val_00000042__crop_center_0.90.jpg,geometric,center_crop,fraction=0.90
base\ILSVRC2012_val_00000042.JPEG,crop_center_0p75\ILSVRC2012_val_00000042__crop_center_0.75.jpg,geometric,center_crop,fraction=0.75
base\ILSVRC2012_val_00000042.JPEG,rotate_p2\ILSVRC2012_val_00000042__rotate_+2.jpg,geometric,rotate,degrees=+2
base\ILSVRC2012_val_00000042.JPEG,rotate_n2\ILSVRC2012_val_00000042__rotate_-2.jpg,geometric,rotate,degrees=-2
base\ILSVRC2012_val_00000042.JPEG,format_png\ILSVRC2012_val_00000042__format_png.png,format,convert_png,format=PNG
base\ILSVRC2012_val_00000043.JPEG,brightness_0p85\ILSVRC2012_val_00000043__brightness_0.85.jpg,photometric,brightness,factor=0.85
base\ILSVRC2012_val_00000043.JPEG,brightness_1p15\ILSVRC2012_val_00000043__brightness_1.15.jpg,photometric,brightness,factor=1.15
base\ILSVRC2012_val_00000043.JPEG,contrast_0p85\ILSVRC2012_val_00000043__contrast_0.85.jpg,photometric,contrast,factor=0.85
base\ILSVRC2012_val_00000043.JPEG,contrast_1p15\ILSVRC2012_val_00000043__contrast_1.15.jpg,photometric,contrast,factor=1.15
base\ILSVRC2012_val_00000043.JPEG,colourshift_r_p20\ILSVRC2012_val_00000043__colourshift_r_p20.jpg,photometric,colour_shift,"channel=r,delta=+20"
base\ILSVRC2012_val_00000043.JPEG,colourshift_g_p20\ILSVRC2012_val_00000043__colourshift_g_p20.jpg,photometric,colour_shift,"channel=g,delta=+20"
base\ILSVRC2012_val_00000043.JPEG,colourshift_b_p20\ILSVRC2012_val_00000043__colourshift_b_p20.jpg,photometric,colour_shift,"channel=b,delta=+20"
base\ILSVRC2012_val_00000043.JPEG,jpeg_q90\ILSVRC2012_val_00000043__jpeg_q90.jpg,compression,jpeg_recompress,quality=90
base\ILSVRC2012_val_00000043.JPEG,jpeg_q75\ILSVRC2012_val_00000043__jpeg_q75.jpg,compression,jpeg_recompress,quality=75
base\ILSVRC2012_val_00000043.JPEG,jpeg_q60\ILSVRC2012_val_00000043__jpeg_q60.jpg,compression,jpeg_recompress,quality=60
base\ILSVRC2012_val_00000043.JPEG,resize_0p75\ILSVRC2012_val_00000043__resize_0.75.jpg,geometric,resize,factor=0.75
base\ILSVRC2012_val_00000043.JPEG,resize_0p5\ILSVRC2012_val_00000043__resize_0.50.jpg,geometric,resize,factor=0.50
base\ILSVRC2012_val_00000043.JPEG,crop_center_0p9\ILSVRC2012_val_00000043__crop_center_0.90.jpg,geometric,center_crop,fraction=0.90
base\ILSVRC2012_val_00000043.JPEG,crop_center_0p75\ILSVRC2012_val_00000043__crop_center_0.75.jpg,geometric,center_crop,fraction=0.75
base\ILSVRC2012_val_00000043.JPEG,rotate_p2\ILSVRC2012_val_00000043__rotate_+2.jpg,geometric,rotate,degrees=+2
base\ILSVRC2012_val_00000043.JPEG,rotate_n2\ILSVRC2012_val_00000043__rotate_-2.jpg,geometric,rotate,degrees=-2
base\ILSVRC2012_val_00000043.JPEG,format_png\ILSVRC2012_val_00000043__format_png.png,format,convert_png,format=PNG
base\ILSVRC2012_val_00000044.JPEG,brightness_0p85\ILSVRC2012_val_00000044__brightness_0.85.jpg,photometric,brightness,factor=0.85
base\ILSVRC2012_val_00000044.JPEG,brightness_1p15\ILSVRC2012_val_00000044__brightness_1.15.jpg,photometric,brightness,factor=1.15
base\ILSVRC2012_val_00000044.JPEG,contrast_0p85\ILSVRC2012_val_00000044__contrast_0.85.jpg,photometric,contrast,factor=0.85
base\ILSVRC2012_val_00000044.JPEG,contrast_1p15\ILSVRC2012_val_00000044__contrast_1.15.jpg,photometric,contrast,factor=1.15
base\ILSVRC2012_val_00000044.JPEG,colourshift_r_p20\ILSVRC2012_val_00000044__colourshift_r_p20.jpg,photometric,colour_shift,"channel=r,delta=+20"
base\ILSVRC2012_val_00000044.JPEG,colourshift_g_p20\ILSVRC2012_val_00000044__colourshift_g_p20.jpg,photometric,colour_shift,"channel=g,delta=+20"
base\ILSVRC2012_val_00000044.JPEG,colourshift_b_p20\ILSVRC2012_val_00000044__colourshift_b_p20.jpg,photometric,colour_shift,"channel=b,delta=+20"
base\ILSVRC2012_val_00000044.JPEG,jpeg_q90\ILSVRC2012_val_00000044__jpeg_q90.jpg,compression,jpeg_recompress,quality=90
base\ILSVRC2012_val_00000044.JPEG,jpeg_q75\ILSVRC2012_val_00000044__jpeg_q75.jpg,compression,jpeg_recompress,quality=75
base\ILSVRC2012_val_00000044.JPEG,jpeg_q60\ILSVRC2012_val_00000044__jpeg_q60.jpg,compression,jpeg_recompress,quality=60
base\ILSVRC2012_val_00000044.JPEG,resize_0p75\ILSVRC2012_val_00000044__resize_0.75.jpg,geometric,resize,factor=0.75
base\ILSVRC2012_val_00000044.JPEG,resize_0p5\ILSVRC2012_val_00000044__resize_0.50.jpg,geometric,resize,factor=0.50
base\ILSVRC2012_val_00000044.JPEG,crop_center_0p9\ILSVRC2012_val_00000044__crop_center_0.90.jpg,geometric,center_crop,fraction=0.90
base\ILSVRC2012_val_00000044.JPEG,crop_center_0p75\ILSVRC2012_val_00000044__crop_center_0.75.jpg,geometric,center_crop,fraction=0.75
base\ILSVRC2012_val_00000044.JPEG,rotate_p2\ILSVRC2012_val_00000044__rotate_+2.jpg,geometric,rotate,degrees=+2
base\ILSVRC2012_val_00000044.JPEG,rotate_n2\ILSVRC2012_val_00000044__rotate_-2.jpg,geometric,rotate,degrees=-2
base\ILSVRC2012_val_00000044.JPEG,format_png\ILSVRC2012_val_00000044__format_png.png,format,convert_png,format=PNG
base\ILSVRC2012_val_00000045.JPEG,brightness_0p85\ILSVRC2012_val_00000045__brightness_0.85.jpg,photometric,brightness,factor=0.85
base\ILSVRC2012_val_00000045.JPEG,brightness_1p15\ILSVRC2012_val_00000045__brightness_1.15.jpg,photometric,brightness,factor=1.15
base\ILSVRC2012_val_00000045.JPEG,contrast_0p85\ILSVRC2012_val_00000045__contrast_0.85.jpg,photometric,contrast,factor=0.85
base\ILSVRC2012_val_00000045.JPEG,contrast_1p15\ILSVRC2012_val_00000045__contrast_1.15.jpg,photometric,contrast,factor=1.15
base\ILSVRC2012_val_00000045.JPEG,colourshift_r_p20\ILSVRC2012_val_00000045__colourshift_r_p20.jpg,photometric,colour_shift,"channel=r,delta=+20"
base\ILSVRC2012_val_00000045.JPEG,colourshift_g_p20\ILSVRC2012_val_00000045__colourshift_g_p20.jpg,photometric,colour_shift,"channel=g,delta=+20"
base\ILSVRC2012_val_00000045.JPEG,colourshift_b_p20\ILSVRC2012_val_00000045__colourshift_b_p20.jpg,photometric,colour_shift,"channel=b,delta=+20"
base\ILSVRC2012_val_00000045.JPEG,jpeg_q90\ILSVRC2012_val_00000045__jpeg_q90.jpg,compression,jpeg_recompress,quality=90
base\ILSVRC2012_val_00000045.JPEG,jpeg_q75\ILSVRC2012_val_00000045__jpeg_q75.jpg,compression,jpeg_recompress,quality=75
base\ILSVRC2012_val_00000045.JPEG,jpeg_q60\ILSVRC2012_val_00000045__jpeg_q60.jpg,compression,jpeg_recompress,quality=60
base\ILSVRC2012_val_00000045.JPEG,resize_0p75\ILSVRC2012_val_00000045__resize_0.75.jpg,geometric,resize,factor=0.75
base\ILSVRC2012_val_00000045.JPEG,resize_0p5\ILSVRC2012_val_00000045__resize_0.50.jpg,geometric,resize,factor=0.50
base\ILSVRC2012_val_00000045.JPEG,crop_center_0p9\ILSVRC2012_val_00000045__crop_center_0.90.jpg,geometric,center_crop,fraction=0.90
base\ILSVRC2012_val_00000045.JPEG,crop_center_0p75\ILSVRC2012_val_00000045__crop_center_0.75.jpg,geometric,center_crop,fraction=0.75
base\ILSVRC2012_val_00000045.JPEG,rotate_p2\ILSVRC2012_val_00000045__rotate_+2.jpg,geometric,rotate,degrees=+2
base\ILSVRC2012_val_00000045.JPEG,rotate_n2\ILSVRC2012_val_00000045__rotate_-2.jpg,geometric,rotate,degrees=-2
base\ILSVRC2012_val_00000045.JPEG,format_png\ILSVRC2012_val_00000045__format_png.png,format,convert_png,format=PNG
base\ILSVRC2012_val_00000046.JPEG,brightness_0p85\ILSVRC2012_val_00000046__brightness_0.85.jpg,photometric,brightness,factor=0.85
base\ILSVRC2012_val_00000046.JPEG,brightness_1p15\ILSVRC2012_val_00000046__brightness_1.15.jpg,photometric,brightness,factor=1.15
base\ILSVRC2012_val_00000046.JPEG,contrast_0p85\ILSVRC2012_val_00000046__contrast_0.85.jpg,photometric,contrast,factor=0.85
base\ILSVRC2012_val_00000046.JPEG,contrast_1p15\ILSVRC2012_val_00000046__contrast_1.15.jpg,photometric,contrast,factor=1.15
base\ILSVRC2012_val_00000046.JPEG,colourshift_r_p20\ILSVRC2012_val_00000046__colourshift_r_p20.jpg,photometric,colour_shift,"channel=r,delta=+20"
base\ILSVRC2012_val_00000046.JPEG,colourshift_g_p20\ILSVRC2012_val_00000046__colourshift_g_p20.jpg,photometric,colour_shift,"channel=g,delta=+20"
base\ILSVRC2012_val_00000046.JPEG,colourshift_b_p20\ILSVRC2012_val_00000046__colourshift_b_p20.jpg,photometric,colour_shift,"channel=b,delta=+20"
base\ILSVRC2012_val_00000046.JPEG,jpeg_q90\ILSVRC2012_val_00000046__jpeg_q90.jpg,compression,jpeg_recompress,quality=90
base\ILSVRC2012_val_00000046.JPEG,jpeg_q75\ILSVRC2012_val_00000046__jpeg_q75.jpg,compression,jpeg_recompress,quality=75
base\ILSVRC2012_val_00000046.JPEG,jpeg_q60\ILSVRC2012_val_00000046__jpeg_q60.jpg,compression,jpeg_recompress,quality=60
base\ILSVRC2012_val_00000046.JPEG,resize_0p75\ILSVRC2012_val_00000046__resize_0.75.jpg,geometric,resize,factor=0.75
base\ILSVRC2012_val_00000046.JPEG,resize_0p5\ILSVRC2012_val_00000046__resize_0.50.jpg,geometric,resize,factor=0.50
base\ILSVRC2012_val_00000046.JPEG,crop_center_0p9\ILSVRC2012_val_00000046__crop_center_0.90.jpg,geometric,center_crop,fraction=0.90
base\ILSVRC2012_val_00000046.JPEG,crop_center_0p75\ILSVRC2012_val_00000046__crop_center_0.75.jpg,geometric,center_crop,fraction=0.75
base\ILSVRC2012_val_00000046.JPEG,rotate_p2\ILSVRC2012_val_00000046__rotate_+2.jpg,geometric,rotate,degrees=+2
base\ILSVRC2012_val_00000046.JPEG,rotate_n2\ILSVRC2012_val_00000046__rotate_-2.jpg,geometric,rotate,degrees=-2
base\ILSVRC2012_val_00000046.JPEG,format_png\ILSVRC2012_val_00000046__format_png.png,format,convert_png,format=PNG
base\ILSVRC2012_val_00000047.JPEG,brightness_0p85\ILSVRC2012_val_00000047__brightness_0.85.jpg,photometric,brightness,factor=0.85
base\ILSVRC2012_val_00000047.JPEG,brightness_1p15\ILSVRC2012_val_00000047__brightness_1.15.jpg,photometric,brightness,factor=1.15
base\ILSVRC2012_val_00000047.JPEG,contrast_0p85\ILSVRC2012_val_00000047__contrast_0.85.jpg,photometric,contrast,factor=0.85
base\ILSVRC2012_val_00000047.JPEG,contrast_1p15\ILSVRC2012_val_00000047__contrast_1.15.jpg,photometric,contrast,factor=1.15
base\ILSVRC2012_val_00000047.JPEG,colourshift_r_p20\ILSVRC2012_val_00000047__colourshift_r_p20.jpg,photometric,colour_shift,"channel=r,delta=+20"
base\ILSVRC2012_val_00000047.JPEG,colourshift_g_p20\ILSVRC2012_val_00000047__colourshift_g_p20.jpg,photometric,colour_shift,"channel=g,delta=+20"
base\ILSVRC2012_val_00000047.JPEG,colourshift_b_p20\ILSVRC2012_val_00000047__colourshift_b_p20.jpg,photometric,colour_shift,"channel=b,delta=+20"
base\ILSVRC2012_val_00000047.JPEG,jpeg_q90\ILSVRC2012_val_00000047__jpeg_q90.jpg,compression,jpeg_recompress,quality=90
base\ILSVRC2012_val_00000047.JPEG,jpeg_q75\ILSVRC2012_val_00000047__jpeg_q75.jpg,compression,jpeg_recompress,quality=75
base\ILSVRC2012_val_00000047.JPEG,jpeg_q60\ILSVRC2012_val_00000047__jpeg_q60.jpg,compression,jpeg_recompress,quality=60
base\ILSVRC2012_val_00000047.JPEG,resize_0p75\ILSVRC2012_val_00000047__resize_0.75.jpg,geometric,resize,factor=0.75
base\ILSVRC2012_val_00000047.JPEG,resize_0p5\ILSVRC2012_val_00000047__resize_0.50.jpg,geometric,resize,factor=0.50
base\ILSVRC2012_val_00000047.JPEG,crop_center_0p9\ILSVRC2012_val_00000047__crop_center_0.90.jpg,geometric,center_crop,fraction=0.90
base\ILSVRC2012_val_00000047.JPEG,crop_center_0p75\ILSVRC2012_val_00000047__crop_center_0.75.jpg,geometric,center_crop,fraction=0.75
base\ILSVRC2012_val_00000047.JPEG,rotate_p2\ILSVRC2012_val_00000047__rotate_+2.jpg,geometric,rotate,degrees=+2
base\ILSVRC2012_val_00000047.JPEG,rotate_n2\ILSVRC2012_val_00000047__rotate_-2.jpg,geometric,rotate,degrees=-2
base\ILSVRC2012_val_00000047.JPEG,format_png\ILSVRC2012_val_00000047__format_png.png,format,convert_png,format=PNG
base\ILSVRC2012_val_00000048.JPEG,brightness_0p85\ILSVRC2012_val_00000048__brightness_0.85.jpg,photometric,brightness,factor=0.85
base\ILSVRC2012_val_00000048.JPEG,brightness_1p15\ILSVRC2012_val_00000048__brightness_1.15.jpg,photometric,brightness,factor=1.15
base\ILSVRC2012_val_00000048.JPEG,contrast_0p85\ILSVRC2012_val_00000048__contrast_0.85.jpg,photometric,contrast,factor=0.85
base\ILSVRC2012_val_00000048.JPEG,contrast_1p15\ILSVRC2012_val_00000048__contrast_1.15.jpg,photometric,contrast,factor=1.15
base\ILSVRC2012_val_00000048.JPEG,colourshift_r_p20\ILSVRC2012_val_00000048__colourshift_r_p20.jpg,photometric,colour_shift,"channel=r,delta=+20"
base\ILSVRC2012_val_00000048.JPEG,colourshift_g_p20\ILSVRC2012_val_00000048__colourshift_g_p20.jpg,photometric,colour_shift,"channel=g,delta=+20"
base\ILSVRC2012_val_00000048.JPEG,colourshift_b_p20\ILSVRC2012_val_00000048__colourshift_b_p20.jpg,photometric,colour_shift,"channel=b,delta=+20"
base\ILSVRC2012_val_00000048.JPEG,jpeg_q90\ILSVRC2012_val_00000048__jpeg_q90.jpg,compression,jpeg_recompress,quality=90
base\ILSVRC2012_val_00000048.JPEG,jpeg_q75\ILSVRC2012_val_00000048__jpeg_q75.jpg,compression,jpeg_recompress,quality=75
base\ILSVRC2012_val_00000048.JPEG,jpeg_q60\ILSVRC2012_val_00000048__jpeg_q60.jpg,compression,jpeg_recompress,quality=60
base\ILSVRC2012_val_00000048.JPEG,resize_0p75\ILSVRC2012_val_00000048__resize_0.75.jpg,geometric,resize,factor=0.75
base\ILSVRC2012_val_00000048.JPEG,resize_0p5\ILSVRC2012_val_00000048__resize_0.50.jpg,geometric,resize,factor=0.50
base\ILSVRC2012_val_00000048.JPEG,crop_center_0p9\ILSVRC2012_val_00000048__crop_center_0.90.jpg,geometric,center_crop,fraction=0.90
base\ILSVRC2012_val_00000048.JPEG,crop_center_0p75\ILSVRC2012_val_00000048__crop_center_0.75.jpg,geometric,center_crop,fraction=0.75
base\ILSVRC2012_val_00000048.JPEG,rotate_p2\ILSVRC2012_val_00000048__rotate_+2.jpg,geometric,rotate,degrees=+2
base\ILSVRC2012_val_00000048.JPEG,rotate_n2\ILSVRC2012_val_00000048__rotate_-2.jpg,geometric,rotate,degrees=-2
base\ILSVRC2012_val_00000048.JPEG,format_png\ILSVRC2012_val_00000048__format_png.png,format,convert_png,format=PNG
base\ILSVRC2012_val_00000049.JPEG,brightness_0p85\ILSVRC2012_val_00000049__brightness_0.85.jpg,photometric,brightness,factor=0.85
base\ILSVRC2012_val_00000049.JPEG,brightness_1p15\ILSVRC2012_val_00000049__brightness_1.15.jpg,photometric,brightness,factor=1.15
base\ILSVRC2012_val_00000049.JPEG,contrast_0p85\ILSVRC2012_val_00000049__contrast_0.85.jpg,photometric,contrast,factor=0.85
base\ILSVRC2012_val_00000049.JPEG,contrast_1p15\ILSVRC2012_val_00000049__contrast_1.15.jpg,photometric,contrast,factor=1.15
base\ILSVRC2012_val_00000049.JPEG,colourshift_r_p20\ILSVRC2012_val_00000049__colourshift_r_p20.jpg,photometric,colour_shift,"channel=r,delta=+20"
base\ILSVRC2012_val_00000049.JPEG,colourshift_g_p20\ILSVRC2012_val_00000049__colourshift_g_p20.jpg,photometric,colour_shift,"channel=g,delta=+20"
base\ILSVRC2012_val_00000049.JPEG,colourshift_b_p20\ILSVRC2012_val_00000049__colourshift_b_p20.jpg,photometric,colour_shift,"channel=b,delta=+20"
base\ILSVRC2012_val_00000049.JPEG,jpeg_q90\ILSVRC2012_val_00000049__jpeg_q90.jpg,compression,jpeg_recompress,quality=90
base\ILSVRC2012_val_00000049.JPEG,jpeg_q75\ILSVRC2012_val_00000049__jpeg_q75.jpg,compression,jpeg_recompress,quality=75
base\ILSVRC2012_val_00000049.JPEG,jpeg_q60\ILSVRC2012_val_00000049__jpeg_q60.jpg,compression,jpeg_recompress,quality=60
base\ILSVRC2012_val_00000049.JPEG,resize_0p75\ILSVRC2012_val_00000049__resize_0.75.jpg,geometric,resize,factor=0.75
base\ILSVRC2012_val_00000049.JPEG,resize_0p5\ILSVRC2012_val_00000049__resize_0.50.jpg,geometric,resize,factor=0.50
base\ILSVRC2012_val_00000049.JPEG,crop_center_0p9\ILSVRC2012_val_00000049__crop_center_0.90.jpg,geometric,center_crop,fraction=0.90
base\ILSVRC2012_val_00000049.JPEG,crop_center_0p75\ILSVRC2012_val_00000049__crop_center_0.75.jpg,geometric,center_crop,fraction=0.75
base\ILSVRC2012_val_00000049.JPEG,rotate_p2\ILSVRC2012_val_00000049__rotate_+2.jpg,geometric,rotate,degrees=+2
base\ILSVRC2012_val_00000049.JPEG,rotate_n2\ILSVRC2012_val_00000049__rotate_-2.jpg,geometric,rotate,degrees=-2
base\ILSVRC2012_val_00000049.JPEG,format_png\ILSVRC2012_val_00000049__format_png.png,format,convert_png,format=PNG
base\ILSVRC2012_val_00000050.JPEG,brightness_0p85\ILSVRC2012_val_00000050__brightness_0.85.jpg,photometric,brightness,factor=0.85
base\ILSVRC2012_val_00000050.JPEG,brightness_1p15\ILSVRC2012_val_00000050__brightness_1.15.jpg,photometric,brightness,factor=1.15
base\ILSVRC2012_val_00000050.JPEG,contrast_0p85\ILSVRC2012_val_00000050__contrast_0.85.jpg,photometric,contrast,factor=0.85
base\ILSVRC2012_val_00000050.JPEG,contrast_1p15\ILSVRC2012_val_00000050__contrast_1.15.jpg,photometric,contrast,factor=1.15
base\ILSVRC2012_val_00000050.JPEG,colourshift_r_p20\ILSVRC2012_val_00000050__colourshift_r_p20.jpg,photometric,colour_shift,"channel=r,delta=+20"
base\ILSVRC2012_val_00000050.JPEG,colourshift_g_p20\ILSVRC2012_val_00000050__colourshift_g_p20.jpg,photometric,colour_shift,"channel=g,delta=+20"
base\ILSVRC2012_val_00000050.JPEG,colourshift_b_p20\ILSVRC2012_val_00000050__colourshift_b_p20.jpg,photometric,colour_shift,"channel=b,delta=+20"
base\ILSVRC2012_val_00000050.JPEG,jpeg_q90\ILSVRC2012_val_00000050__jpeg_q90.jpg,compression,jpeg_recompress,quality=90
base\ILSVRC2012_val_00000050.JPEG,jpeg_q75\ILSVRC2012_val_00000050__jpeg_q75.jpg,compression,jpeg_recompress,quality=75
base\ILSVRC2012_val_00000050.JPEG,jpeg_q60\ILSVRC2012_val_00000050__jpeg_q60.jpg,compression,jpeg_recompress,quality=60
base\ILSVRC2012_val_00000050.JPEG,resize_0p75\ILSVRC2012_val_00000050__resize_0.75.jpg,geometric,resize,factor=0.75
base\ILSVRC2012_val_00000050.JPEG,resize_0p5\ILSVRC2012_val_00000050__resize_0.50.jpg,geometric,resize,factor=0.50
base\ILSVRC2012_val_00000050.JPEG,crop_center_0p9\ILSVRC2012_val_00000050__crop_center_0.90.jpg,geometric,center_crop,fraction=0.90
base\ILSVRC2012_val_00000050.JPEG,crop_center_0p75\ILSVRC2012_val_00000050__crop_center_0.75.jpg,geometric,center_crop,fraction=0.75
base\ILSVRC2012_val_00000050.JPEG,rotate_p2\ILSVRC2012_val_00000050__rotate_+2.jpg,geometric,rotate,degrees=+2
base\ILSVRC2012_val_00000050.JPEG,rotate_n2\ILSVRC2012_val_00000050__rotate_-2.jpg,geometric,rotate,degrees=-2
base\ILSVRC2012_val_00000050.JPEG,format_png\ILSVRC2012_val_00000050__format_png.png,format,convert_png,format=PNG
